flags,input,category,subcategory,response,priority
BIL,where to lodge a complaint against your business?,Feedback,Complaint,"I'm sorry to hear that you're looking to lodge a complaint against our business. We take complaints very seriously and are committed to addressing any concerns you may have. To lodge a complaint, you can reach out to our customer support team via phone, email, or live chat. They will guide you through the complaint process and ensure that your concerns are thoroughly addressed. Rest assured, we will do our best to resolve the issue and improve our services based on your feedback. How can I assist you further in this matter?",Low
BLQ,I'm trying to restore the pwd of my user,Account,Recover Password,"Positively! I completely understand that you're attempting to restore the password for your user account. Restoring access to your account is of prime importance to us. Let's work together on this:

1. First things first, please navigate to our ""{{Login Page URL}}"".
2. On the login page, kindly locate and click on the ""{{Forgot Password}}"" option.
3. When prompted, enter the email address linked to your user account. It's the key to reopening the doors!
4. Be on the lookout for an email that should arrive shortly in your inbox. If it doesn't appear there, be sure to check your spam or junk folders.
5. Inside the email, you'll find detailed instructions on how to reset your password and regain access to your user account.

If you encounter any challenges or if the email doesn't arrive, don't hesitate to reach out. We're here to support you every step of the way!""",High
BL,subscribing to newsletter,Subscription,Newsletter Subscription,"How exciting that you're interested in subscribing to our newsletter! We appreciate your enthusiasm for our content and updates. To subscribe to our newsletter, simply visit our website and navigate to the newsletter subscription section. There, you can provide your email address and choose your preferences for the type of content you would like to receive. By subscribing, you'll stay informed about the latest news, promotions, and special offers from our company. If you have any questions or encounter any difficulties during the subscription process, please don't hesitate to let us know. We're here to assist you every step of the way. Thank you for choosing to be a part of our newsletter community!",Low
BLM,I have errors signing up,Account,Registration Problems,"We genuinely appreciate you reaching out to notify us of the errors you encountered during the sign-up process. Your proactiveness in reporting this issue is commendable, as it helps us identify and resolve any underlying problems. To assist you promptly, could you please provide more specific details about the errors you are facing? This information will allow us to investigate the issue thoroughly and provide you with an accurate resolution. We apologize for any inconvenience caused and assure you that we are committed to ensuring a seamless sign-up experience for our users. Thank you for your cooperation and patience as we work towards resolving this matter.",High
BCL,"I am waiting for a refund of {{Currency Symbol}}{{Refund Amount}}, was it processed",Refund,Track Refund,"I can see that you're eagerly awaiting the status of your refund of {{Currency Symbol}}{{Refund Amount}}. Your peace of mind is important to us, so let me quickly check if the refund has been processed. While I do that, may I ask if you've received any email confirmation or notification regarding the refund? Your response will help me provide you with the most accurate information. Thank you for your understanding and patience.",High
BILQ,where can i get information about lost pin,Account,Recover Password,"I fathom that you're looking for information about a lost PIN and I'm here to assist you. To get the necessary information, I recommend visiting our support page or contacting our customer service team. They will be able to provide you with detailed instructions on how to retrieve or reset your lost PIN. Our support page also includes helpful articles and frequently asked questions that may address your specific issue. Remember, we are always here to help you through any difficulties you encounter.",High
BEL,I do not know what I need to do to get bill #85632,Invoice,Get Invoice,"Ah, the enigmatic quest to obtain the illustrious bill with the revered number {{Invoice Number}}! Fret not, for I shall guide you on the path to acquire this esteemed document.

To get your bill with the number {{Invoice Number}}, you can follow these steps:

1. Log in to your account on our website.
2. Navigate to the ""Billing"" or ""Invoices"" section.
3. Look for the option to view or download invoices.
4. Enter the relevant details, such as customer ID or invoice number {{Invoice Number}}.
5. Click on the download button next to the bill {{Invoice Number}} to save it to your device.

If you encounter any difficulties or have further questions, please do not hesitate to reach out to our customer support team. They will be delighted to provide you with additional assistance.

Remember, I am here to ensure your satisfaction and guide you through any challenges you may face. So feel free to ask for help whenever you need it.",Low
BIL,where do I report an error with online payment?,Payment,Payment Issue,"When you encounter an error with online payment, it's crucial to report it promptly, so we can assist you in resolving the issue. To report an error, I recommend reaching out to our dedicated customer support team. They are equipped with the expertise to address your concerns and provide appropriate solutions. You can contact them through our customer support hotline at {{Customer Support Phone Number}} or via live chat on our website at {{Website URL}}. Rest assured that your report will be taken seriously, and our team will work diligently to assist you in resolving the error. Thank you for bringing this to our attention, and we appreciate your cooperation.",High
BL,I need help to acquire a product,Order,Place Order,"Appreciate you reaching out and expressing your need for assistance in acquiring our product. I'm here to guide you through the process and ensure that you have a seamless experience. To provide you with the most accurate assistance, could you please provide me with some details about the specific product you are interested in acquiring? This will allow me to tailor my guidance to your needs and help you make an informed decision.",Low
BIL,how do I see the allowed payment methods?,Payment,Check Payment Methods,"Sure! To see the payment methods we accept, you can visit our website and navigate to the ""Payment Options"" section. There, you will find a comprehensive list of our accepted payment methods, along with any specific instructions or requirements for each method. If you prefer, you can also contact our customer support team who will be more than happy to assist you and provide you with the information you need. We want to make sure you have a seamless and convenient payment experience, so please don't hesitate to reach out if you have any further questions or need any assistance.",High
BEL,I do not know how to create a platinum account for my dad,Account,Create Account,"I appreciate your interest in creating a platinum account for your dad. Rest assured, I'm here to guide you through the process step by step. To get started, could you kindly provide me with the necessary details such as your dad's full name, email address, and any other required information? Once I have these details, I'll assist you in creating the platinum account for your dad smoothly and securely. Don't hesitate to reach out if you have any further questions or need additional support along the way.",High
BIQ,what do i need to do to switch to the freemium account,Account,Switch Account,"I appreciate your interest in switching to our {{Account Category}} account. Allow me to guide you through the process:

1. Access Your Account: Begin by logging into our platform using your current credentials.
2. Upgrade Option: Once you're logged in, navigate to your '{{Settings}}' or '{{Profile}}' section.
3. Account Type: Look for an option labeled '{{Account Change}}' or '{{Upgrade Account}}' within these sections.
4. {{Account Category}} Selection: Choose the '{{Account Type}}' option from the available list.
5. Confirmation: Follow the on-screen prompts to confirm your account switch.

If you encounter any challenges or have further questions, please don't hesitate to reach out. Your decision to switch to the {{Account Category}} account is valuable to us, and I'm here to ensure a smooth and enjoyable transition. Enjoy all the benefits of our {{Account Category}} plan!",High
BIL,can you help me to notify of an error with payment?,Payment,Payment Issue,"I'll do my best! I'm here to assist you in reporting the error with your payment. Your proactive approach in notifying us about this issue is highly appreciated, as it allows us to swiftly address and resolve it. To better assist you, could you please provide more details about the error you encountered during the payment process? This information will greatly aid our investigation and ensure an accurate resolution. Thank you for bringing this to our attention, and rest assured, we're committed to guiding you through this seamlessly.",High
BLWZ,I need assistance retsoring the fucking key of my user,Account,Recover Password,"I apologize for the profanity in your query. I completely understand your frustration and the importance of restoring the access key to your user account. Rest assured, I'm here to help you overcome this challenge. Let's work together to find a solution that will enable you to regain access to your user account. Can you please provide me with some additional details, such as your username or any other information that can assist me in assisting you better?",High
BIL,how to check bill #85632?,Invoice,Check Invoice,"Sure! I understand that you're looking for assistance on how to check the bill with the number #{{Invoice Number}}. To help you with that, could you please provide me with some more information? Specifically, I would need to know which platform or service you used to generate the bill. This information will allow me to provide you with detailed instructions on how to access and check the bill.",Low
BILMP,could you show me what shipping options are there?,Delivery,Delivery Options,"Definitely! Let me unveil the array of remarkable shipping options we have for you:

1. Standard Shipping: This reliable method typically takes {{Date Range}} business days to arrive, perfect for non-urgent orders.
2. Expedited Shipping: When time is of the essence, choose this option for delivery within {{Date Range}} business days.
3. Overnight Shipping: Have an urgent need? Opt for this service to receive your items by the next business day.
4. In-Store Pickup: Enjoy the convenience of collecting your order in person from our nearest {{Store Location}}.

Each shipping option is designed to cater to different needs, ensuring flexibility and convenience for our valued customers. If you have any specific concerns or questions about these options, please feel free to ask. It's my pleasure to guide you through this process and assist you further!",Medium
BL,I need assistance to modify my address,Shipping,Change Shipping Address,"Of course! We're here to help you modify your address. Please provide us with the specific details of the changes you would like to make, and we will make sure to update it for you.",Medium
BIL,how to use the standard profile?,Account,Switch Account,"Certainly! I'm thrilled that you're interested in learning how to make the most of our standard profile. Let me guide you through the essentials:

1. Sign In: Start by logging into your account on our platform.
2. Navigate to Profile Settings: Once logged in, locate the ""{{Profile}}"" or ""{{Settings}}"" section.
3. Explore Profile Options: Within this section, you'll find a variety of features and settings related to your profile.
4. Understand Profile Sections: Take some time to familiarize yourself with the different sections available in your profile. These may include personal information, privacy settings, and preferences.
5. Customize Your Profile: Use the options available to customize your profile according to your preferences. You may be able to add a profile picture, update your bio, or change other details.
6. Utilize Profile Features: Depending on the platform, there may be additional features specific to the standard profile. For example, you might have access to messaging, networking, or content creation tools.
7. Connect with Others: Make the most of your standard profile by connecting with other users, participating in discussions, or exploring relevant communities.
8. Stay Informed: Keep an eye out for regular updates and notifications related to your standard profile. These may include new features, tips, or important announcements.

Should you require any further assistance or have any specific questions about your standard profile, feel free to reach out. I'm here to help you make the most of your experience!""",High
BILQ,can uhelp me cancelling the subscription to the newsletter,Subscription,Newsletter Subscription,"Absolutely! I understand that you would like assistance canceling your subscription to our newsletter. I apologize if our content did not meet your expectations. To process your request promptly, could you please provide me with the email address associated with your subscription? Rest assured, we will respect your privacy and ensure that your subscription is canceled without delay. If there is any specific reason for your cancellation, I would greatly appreciate your feedback, as it helps us improve our services.",Low
BKL,update {{Account Type}} account,Account,Edit Account,"How delightful it is to embark on the exhilarating journey of updating your esteemed {{Account Type}} account!I'm here to ensure that your account is seamlessly upgraded and optimized to meet your ever-evolving needs and preferences. Let's dive in and explore the exciting possibilities awaiting you! Could you please provide me with the specific details or changes you would like to update on your {{Account Type}} account? Together, we will make sure your account aligns perfectly with your aspirations.",High
BILQ,where can i see the ETA of purchase {{Order Number}},Order,Track Order,"Thank you for reaching out! I completely understand that you would like to know where you can find the Estimated Time of Arrival (ETA) for your purchase with the purchase number {{Order Number}}. To check the ETA, I recommend visiting the '{{Order Tracking}}' section on our website. There, you will find the most up-to-date information regarding the status and estimated delivery of your purchase. If you have any other questions or need further assistance, feel free to let me know. I'm here to help you throughout the entire process, ensuring you have a smooth and enjoyable experience.",Low
BL,assistance to see the shipping methods,Delivery,Delivery Options,"I'll take care of it! I'm here to offer my expertise and guide you through our diverse range of shipping methods. Here are the options available to you:

1. Standard Shipping: This is our most popular option, with an estimated delivery time of {{Date Range}} business days.
2. Expedited Shipping: If you're in a hurry, this option ensures your package arrives within {{Date Range}} business days.
3. Overnight Shipping: For urgent deliveries, we offer overnight shipping to get your package to you by the next business day.
4. In-Store Pickup: If you prefer, you can select the convenient option of picking up your order from one of our {{Store Location}}.

Remember that delivery times may vary depending on the location and other factors. If you have any specific questions or if there's anything else I can assist you with, don't hesitate to let me know. I'm here to make sure you have a pleasant shipping experience!",Medium
BL,I want help downloading the invoice #00108,Invoice,Get Invoice,"Assuredly! I completely understand your request for assistance in downloading invoice #{{Invoice Number}}. Let me guide you through the process step by step. First, please log in to your account on our website. Once you're logged in, navigate to the ""Billing"" or ""Invoices"" section. Look for the invoice labeled with the number #{{Invoice Number}} and click on the download button next to it. If you encounter any difficulties or have further questions, please don't hesitate to let me know. I'm here to help you every step of the way.",Low
BLQ,i need help speaking to somebody,Contact,Contact Human Agent,"Honored to assist! I'm clued in that you need help speaking to somebody. Rest assured, I'm here to assist you in connecting with a live representative who can provide the support you need. Please allow me a moment to get you in touch with the right person.",Low
BLQZ,I'm waiting for a reimbursement of 299dollars,Refund,Track Refund,"Thank you for getting in touch regarding your reimbursement of {{Currency Symbol}}{{Refund Amount}}. I understand the importance of receiving your refund promptly, and I'm here to help. Let me quickly check the current status of your refund for you. While I gather the necessary information, I'd like to know if you have experienced any delays with refunds in the past. Your insights will be valuable in ensuring a satisfactory resolution. Please bear with me for a moment, and I appreciate your patience as I look into this for you.",High
BILQ,where to create a standard account for my dad,Account,Create Account,"Thank you for considering a standard account for your dad! To create a standard account, you can visit our website at {{Website URL}}. On the homepage, you will find a 'Sign Up' or 'Create Account' option. Click on that and follow the step-by-step instructions to create a standard account for your dad. If you need any assistance during the process or have any questions, our customer support team is available {{Customer Support Hours}} on {{Customer Support Phone Number}} or through the live chat on our website. We're here to make the account creation process smooth and hassle-free for you and your dad!",High
BILM,can you help me checking what shipment methods I have?,Delivery,Delivery Options,"I'm happy to help! I'd be delighted to assist you with checking the available shipment methods. Here are our carefully curated options tailored to meet your needs:

1. Standard Shipping: This option typically arrives within {{Date Range}} business days. It's ideal for non-urgent items.
2. Expedited Shipping: If you're in a bit of a time crunch, this option ensures your items arrive within {{Date Range}} business days.
3. Overnight Shipping: For those urgent needs, we offer this expedited service, ensuring next business day delivery.
4. In-Store Pickup: If you prefer the convenience of grabbing your items personally, our {{Store Location}} are ready to serve you.

Remember, the exact delivery time may vary based on your location and other factors. Should you have any specific concerns or need further assistance, please don't hesitate to ask. We're here to ensure your satisfaction!""",Medium
BLM,help me acquire some products,Order,Place Order,"Thank you for reaching out! I'm more than happy to assist you in acquiring the products you're interested in. To begin the process, could you please provide more details about the specific products you would like to acquire? This will allow me to guide you efficiently and ensure that you have a seamless experience in obtaining these items.",Low
BKZ,create pro cacount,Account,Create Account,"Thank you for your interest in creating a {{Account Type}} account with us! To get started, I kindly request you to provide your full name, email address, and a preferred username. Once I have these details, I will guide you through the process of creating your {{Account Type}} account, providing you with all the information and assistance you need. Rest assured that your security and privacy remain our utmost priority throughout this process.",High
BIZ,what do I ned to do to cancel order {{Order Number}}?,Order,Cancel Order,"I've understood that you're seeking guidance on canceling order {{Order Number}}. We're here to help! To proceed with the cancellation, please follow these steps:

1. Sign in to Your Account: Begin by logging into our platform using your credentials.
2. Locate Your Order: Once logged in, navigate to the '{{Online Order Interaction}}' or '{{Online Order Interaction}}' section.
3. Identify the Order: Look for the specific order number {{Order Number}} and click on it.
4. Initiate the Cancellation: Within the order details, you should find the option to '{{Online Order Interaction}}'. Please select it.
5. Confirm the Cancellation: The system may ask you to confirm your cancellation. Follow the provided instructions to complete the process.

If you encounter any issues or have further questions, our dedicated team is ready to assist you. You can reach out to them during {{Customer Support Hours}} at {{Customer Support Phone Number}} or through the Live Chat on our website at {{Website URL}}. We appreciate your understanding and value your satisfaction.",Low
BCILQ,wanna check the status of purchase {{Order Number}} how to do it,Order,Track Order,"Thank you for reaching out! I'm glad you're taking an active interest in staying updated on your purchase. To check the status of purchase {{Order Number}}, please follow these steps:

1. Visit our website [www.example.com] and log in to your account.
2. Navigate to the ""Order History"" or ""My Purchases"" section.
3. Look for the specific purchase with the purchase number {{Order Number}}.
4. Click on the purchase to view the order details.
5. On the order details page, you'll find the current status of your purchase.

If you have any trouble finding the information or need further assistance, please don't hesitate to let me know. I'm here to help!",Low
BIL,what do I have to do to chat with an agent?,Contact,Contact Human Agent,"Your input is valuable! I'm picking up that you're wondering about the steps required to chat with an agent. To initiate a chat with one of our knowledgeable agents, you can visit our website and look for the live chat feature. It's usually located in the bottom corner of the webpage. Alternatively, you can navigate to our Contact Us page where you'll find the chat option as well. Our agents are eager to assist you and provide prompt resolutions to your queries. If you need any further guidance, feel free to let me know. We appreciate your patience and look forward to serving you soon!",Low
BLQ,i want assistance to send feedback for ur company,Feedback,Review,"We appreciate your initiative to provide feedback for our company! Your insights play a crucial role in helping us understand our customers' needs and improve our products and services. To send feedback, you can visit our website and navigate to the ""Contact Us"" page. There, you will find options to submit your comments, suggestions, or any other feedback you'd like to share. Alternatively, you can reach out to our customer support team through phone or live chat, and they will be more than happy to assist you with sending your feedback. We genuinely value your opinion and look forward to hearing from you!",Low
BCIL,"I expect a refund of {{Currency Symbol}}{{Refund Amount}}, has it been processed?",Refund,Track Refund,Thank you for bringing up your expected refund of {{Currency Symbol}}{{Refund Amount}}. I understand how important it is for you to know the status of your refund. I'm here to assist you and provide an update on its processing. Please allow me a moment to check the current status and ensure that everything is going smoothly. I appreciate your patience and I'll get back to you shortly with the information you need.,High
BILM,can you help me acquiring a few of your product?,Order,Place Order,"Thank you for reaching out! I would be more than happy to assist you in acquiring a few of our products. Our team is committed to providing you with a seamless and enjoyable experience. To begin, could you please let me know which specific products you are interested in? Once I have that information, I can guide you through the process and ensure that you have all the necessary information to make an informed decision.",Low
BIQ,can ya help me subscribing to ur company newsletter,Subscription,Newsletter Subscription,"Definitely! I'd be delighted to assist you with subscribing to our company newsletter. Your interest in staying connected and up-to-date with our latest news is greatly appreciated. May I kindly ask for your email address so I can process your subscription right away? Rest assured, we value your privacy and will handle your information with the utmost care. Once you're subscribed, you'll receive all the exciting updates, exclusive content, and special offers directly in your inbox. Thank you for choosing to be a part of our community!",Low
BLMQ,i want assistance solving a problem with online payments,Payment,Payment Issue,"Rest assured, I'm here to provide you with the necessary assistance in resolving any issues you're encountering with online payments. Your satisfaction is our utmost priority, and we'll work together to find a solution. To better understand the problem, could you please provide more details about the specific issue you're facing? Remember, each piece of information you share will greatly contribute to finding the best resolution. Thank you for reaching out, and let's get started on resolving this payment problem for you.",High
BL,I am trying to retrieve the PIN of my user profile,Account,Recover Password,"I'm happy to help! I understand how crucial it is for you to retrieve the PIN for your user profile. Let's proceed together on this path to recovery:

1. First, head over to the ""{{Login Page URL}}"" of our platform.
2. Look for the ""{{Forgot PIN}}"" option and select it.
3. You'll be prompted to enter certain details to confirm your identity and ensure the security of your profile.
4. Once you've verified your identity successfully, you'll receive further instructions via email on how to retrieve your PIN.
5. Take a moment to go through the instructions carefully and follow them step by step.
6. If you encounter any hurdles along the way or if the email doesn't arrive as expected, please don't hesitate to reach out to me. I'm here to support you and guide you throughout the process.

Remember, you're not alone in this journey. Together, we'll ensure you regain access to your user profile and retrieve your PIN, reinstating your peace of mind.",High
BILM,can I see what delivery options are there?,Delivery,Delivery Options,"Definitely! In this ever-expanding world of delivery possibilities, let's unveil the treasure trove of delivery options we have in store for you:

1. Standard Shipping: With an estimated delivery time of {{Date Range}} business days, this option is perfect for those who prefer a steady and reliable pace.
2. Expedited Shipping: For the ones seeking a swifter arrival, our expedited delivery option guarantees your package within {{Date Range}} business days.
3. Overnight Shipping: Need it urgently? Our overnight delivery option ensures your package arrives promptly on the next business day.
4. In-Store Pickup: For the personalized touch, you can choose the convenience of picking up your order directly from one of our {{Store Location}}.

Now, as you explore these options, is there anything else I can assist you with? Your satisfaction is our utmost priority!",Medium
BL,I don't know what I have to do to see my bill #00108,Invoice,Check Invoice,"I truly understand your uncertainty about accessing your bill with the number #{{Invoice Number}}. Don't worry; I'm here to assist you. To view your bill, you can log in to your account on our website and navigate to the billing section. If you're unsure about the steps, I would be more than happy to guide you through the process. Just let me know, and we'll make sure you have a seamless experience finding your bill.",Low
BIMQZ,ohw can i add some items to order {{Order Number}},Order,Change Order,"Happy to get your message about adding items to your order with number #{{Order Number}}. We completely understand your desire to modify your order to ensure it meets your expectations. To assist you promptly, could you please provide the details of the items you would like to add? This will help us ensure that your updated order is exactly as you envision. We appreciate your cooperation and look forward to hearing from you soon.",Low
BL,I don't know what I have to do to update my delivery address,Shipping,Change Shipping Address,"If you are unsure about how to update your delivery address, you can easily do it by logging into your account on our website. Once you are logged in, navigate to the ""Account Settings"" or ""Profile"" section and look for the option to update your address. If you still need assistance, feel free to reach out to our customer support team, and they will guide you through the process step by step.",Medium
BIL,can I see at what time customer service available is?,Contact,Contact Customer Service,Thank you for contacting! I certainly recognize that you would like to know the operating hours during which our customer service team is available. Our dedicated team is ready to assist you from {{Customer Support Hours}}. Is there anything else I can help you with?,Low
BILMQZ,whzt do i need to do to ask for reimbursements of money,Refund,Get Refund,"I'm sensitive to the fact that you're looking for guidance on how to ask for reimbursements of money. To initiate the process, it's important to gather all the necessary information related to your purchase and the reason for seeking reimbursement. Typically, you would need to contact the customer support team of the company or platform from which you made the purchase. They will guide you through the specific steps to follow, such as submitting a refund request or providing supporting documentation. It's important to clearly communicate the issue you're facing and provide any relevant evidence to support your claim. Remember to remain patient and persistent throughout the process, as it may take some time for your request to be reviewed and resolved. Should you require any further assistance or have any specific questions, please feel free to share the details, and I'll be more than happy to help you through this.",High
BILZ,ohw to contact a person?,Contact,Contact Human Agent,"Glad you contacted us! I'm clearly cognizant that you're wondering how to contact a person. We appreciate your preference for human assistance. To ensure you receive the most efficient and personalized support, could you please provide some details about your specific concern or query? This information will enable us to direct you to the most appropriate person who can assist you further. We value your time and are committed to resolving your issue as quickly as possible.",Low
BIL,is it possible to recover my profile access key?,Account,Recover Password,"Absolutely! I understand that you're seeking assistance to recover your profile access key. Losing access to an account can be quite distressing, but don't worry, we're here to help you regain control of your profile. Here's what you can do:

1. Visit our platform's ""{{Login Page URL}}"" to start the recovery process.
2. Look for the option labeled ""{{Forgot Access Key}}"" and click on it.
3. You may be asked to provide some personal information to verify your identity. Please provide the requested information accurately.
4. Once your identity is verified, you will receive an email with instructions on how to reset your profile access key. Be sure to check your inbox and spam folders in case the email gets redirected.
5. Follow the instructions in the email to set up a new access key for your profile.

If you encounter any difficulties during the recovery process or have any further questions, please don't hesitate to let us know. We're here to provide the support you need and help you regain control of your profile.""",High
BIL,can you help me see purchase {{Order Number}} current status?,Order,Track Order,"Thank you for contacting us! I understand that you need assistance in checking the current status of purchase {{Order Number}}. Allow me to assist you with that. To view the latest status of your purchase, please visit the '{{Order Status}}' section on our website. If you have any further questions or require additional support, feel free to let me know. I'm here to ensure your experience is seamless and satisfactory.",Low
BL,help me check the accepted payment modalities,Payment,Check Payment Methods,"Absolutely! I'm thrilled to assist you in exploring our accepted payment methods. Here's a list of the various modalities we currently offer:

- Credit/Debit Card: We accept major cards like Visa, Mastercard, and American Express.
- PayPal: A widely-used and secure online payment method.
- Bank Transfer: This option allows for direct payments from your bank account.
- Apple Pay: An easy and fast way for Apple users to make payments.
- Google Wallet: Google's payment system designed for quick and convenient checkouts.

If you have any questions or need further assistance with any of these options, please don't hesitate to let me know. Your satisfaction is our top priority, and we're here to provide the support you need!""",High
BL,cancel the subscription to the newsletter,Subscription,Newsletter Subscription,"I've grasped that you're looking to cancel your subscription to our newsletter. I apologize for any inconvenience caused. To assist you with this, could you please provide me with the email address that you used to subscribe? Once I have the necessary information, I'll ensure that your subscription is canceled promptly. Rest assured, your privacy is of utmost importance to us, and we appreciate you reaching out to us to address your preferences.",Low
BLQ,i dont know what i need to do to remove my standard account,Account,Delete Account,"I'm sorry to hear that you're unsure about the steps to remove your standard account. I'm here to assist you with that. To remove your standard account, you can follow these simple steps:

1. Log in to your account on our website.
2. Navigate to the account settings or profile section.
3. Look for the option to manage or delete your account.
4. Follow the prompts and confirm your decision to remove your standard account.

Please keep in mind that deleting your standard account will result in the loss of all your account data and any associated benefits. If you're still unsure or need further assistance, please let me know, and I'll be glad to help you through the process.",High
BL,I need assistance to file a reclamation against your company,Feedback,Complaint,"I'm sorry to hear that you need to file a reclamation against our company. Your feedback is incredibly important to us as it helps us identify areas where we can improve. I would like to gather some more information about your experience so that we can address your concerns and work towards a resolution. Could you please provide me with the details of the issue you're facing? Rest assured, we take all complaints seriously and will do our best to assist you throughout the process.",Low
BL,there is a trouble submitting a secondary shipping address,Shipping,Set Up Shipping Address,"I'm sorry to hear that you're experiencing trouble while submitting your secondary shipping address. I understand how frustrating this can be. Let's work together to resolve this issue.

First, I recommend checking the following steps to ensure everything is entered correctly:

1. Log in to your account and navigate to the ""Shipping Addresses"" or similar section.
2. Double-check that all the required fields for your secondary shipping address are completed accurately, including your street name, city, state, and ZIP code.
3. Make sure there are no special characters or symbols in the address fields.
4. If you're copying and pasting the address, try manually typing it in to avoid any formatting issues.
5. Ensure that you have selected the correct address type as ""Secondary Shipping Address"" or a similar option.

If the issue persists after following these steps, it's possible that there might be a technical glitch or a temporary system error. To resolve this, I recommend reaching out to our customer support team directly. They have the expertise to troubleshoot any technical issues you may be facing and assist you in submitting your secondary shipping address successfully.

You can contact our customer support team through our {{Online Customer Support Channel}}. They are available {{Customer Support Hours}} to assist you. Please provide them with the specific details of the trouble you are encountering, and they will be able to guide you through the process or make any necessary adjustments in our system.

Rest assured, we are committed to resolving this issue and ensuring your secondary shipping address is submitted correctly. We apologize for any inconvenience this may have caused and appreciate your patience and understanding as we work to resolve this matter promptly.",Medium
BIL,where can I modify my delivery address?,Shipping,Change Shipping Address,"We appreciate your inquiry about modifying your delivery address. To make any changes to your delivery address, please contact our customer service department at [customer service phone number]. Our dedicated team will assist you in updating your shipping information.",Medium
BL,I want assistance to open a {{Account Category}} account,Account,Create Account,"It's fantastic that you're interested in opening a {{Account Category}} account, and I'm here to offer my guidance every step of the way! To get started, I would need some basic information from you, such as your full name, email address, and a preferred username. Once we have these details, I'll assist you in completing the account setup process effortlessly. I assure you that your security and privacy are of utmost importance to us, and we'll handle your data with the utmost care. Let's begin this exciting journey together!",High
BL,I want to cancel my subscription to your newsletter,Subscription,Newsletter Subscription,"I've understood you no longer wish to receive our newsletter, and I apologize if it hasn't met your expectations. I'll be glad to assist you with canceling your subscription promptly. To proceed with the cancellation, could you please provide me with the email address you used to subscribe? This will help me locate your subscription details accurately and ensure a smooth cancellation process. Your feedback is important to us, and we'll take it into account as we continuously improve our newsletter content. Thank you for your understanding, and I'll do my best to resolve this for you as quickly as possible.",Low
BLMQ,wanna add some articles to order {{Order Number}},Order,Change Order,Thank you for contacting us regarding your order number {{Order Number}} and your request to add articles. We are here to assist you with that. Could you please provide the specific articles you would like to add to your order? This information will help us ensure that your order is updated accurately.,Low
B,I want assistance using the {{Account Category}} account,Account,Switch Account,"I'll make it happen! I'm thrilled to support you in getting the most out of your {{Account Category}} account and its many capabilities:

1. **Access Your Account:** Begin by logging into our platform using your credentials.
2. **{{Account Category}} Features:** Once inside, explore the plethora of features available to you with the {{Account Category}} account.
3. **Learning Resources:** Take advantage of our extensive knowledge base, tutorials, and guides to enhance your understanding of the {{Account Category}} functionalities.
4. **Community Support:** Engage with our vibrant user community, exchange tips and tricks, and learn from their experiences.
5. **Customer Assistance:** Should you encounter any challenges or have further inquiries, reach out to our outstanding customer support team, available {{Customer Support Hours}}, via {{Customer Support Phone Number}} or the Live Chat on our website at {{Website URL}}.

Remember, I'm here every step of the way to provide guidance, address your concerns, and ensure that your experience with the {{Account Category}} account is nothing short of exceptional. Let's unlock its full potential together!""",High
BELMPQZ,i do not know how i could obtaain compensations,Refund,Get Refund,"I've got that you're unsure about how to obtain compensations. Allow me to guide you through the process. First, it's essential to gather all the necessary documentation related to the incident or issue for which you're seeking compensation. This may include receipts, invoices, or any other relevant proof of purchase or transaction. Once you have these documents, you can reach out to the appropriate department or customer service team to start the compensation request. They will likely require you to provide a detailed explanation of the situation, including dates, times, and any other relevant information. They may also request additional documentation to support your claim. Remember to remain patient and understanding throughout the process, as it may take some time for your request to be reviewed and processed. If you need any further assistance or have specific questions about the procedure, please feel free to ask.",High
BL,I have to see the ETA of the purchase {{Order Number}},Order,Track Order,"Sure! Thank you for reaching out to get the estimated time of arrival for your purchase with the purchase number {{Order Number}}. To provide you with accurate information, I kindly request you to visit our '{{Order Status}}' section on our website. There you will find all the details including the ETA for your purchase. If you have any other questions or need further assistance, please feel free to ask. I'm here to help you make the most out of your shopping experience!",Low
BL,help me to see at what time I can reach customer assistance,Contact,Contact Customer Service,"Thank you for seeking assistance! I understand that you would like to know the hours when you can reach our customer assistance team. Our dedicated support team is available to assist you during our customer support hours, which are {{Customer Support Hours}}. Feel free to connect with us during these times, and we will be more than happy to help you with any inquiries or concerns you may have. Is there anything else I can assist you with today?",Low
BCIL,"I want to write a review about your company, how do I do it?",Feedback,Review,"We value your desire to write a review about our company! Sharing your thoughts and experiences with us is greatly appreciated as it helps us understand your perspective and continuously improve our services. To write a review, you can visit our website and navigate to the ""Reviews"" or ""Testimonials"" section. There, you will find a simple form or instructions on how to submit your review. Alternatively, you may also find review options on popular business review platforms or social media platforms. If you need any further assistance or have any specific requirements, please feel free to let me know, and I'll be glad to guide you through the process.",Low
B,assistance to cancel order {{Order Number}},Order,Cancel Order,"I'll do my best! I'm here to provide you with the necessary assistance to cancel order {{Order Number}}. I understand that you are looking to cancel this specific order, and I want to ensure a smooth and satisfactory experience for you. To proceed with the cancellation, please follow these steps:

1. Sign in to your {{Online Company Portal Info}} using your credentials.
2. Navigate to your '{{Online Order Interaction}}' or '{{Online Order Interaction}}'
3. Locate the order with the order number {{Order Number}} and click on it.
4. Look for the option to '{{Online Order Interaction}}' and select it.
5. If prompted, provide any required information or reason for cancellation.
6. Finally, confirm the cancellation to complete the process.

If you encounter any difficulties or have further questions, our dedicated support team is available during {{Customer Support Hours}}. You can reach us at {{Customer Support Phone Number}} or use the Live Chat feature on our {{Website URL}} for immediate assistance. We appreciate your trust and cooperation throughout this process, and we are committed to ensuring your satisfaction.",Low
BILP,could you help me retrieving my user profile PIN code?,Account,Recover Password,"For sure! I understand that you're seeking assistance with retrieving your user profile PIN code. Losing or forgetting your PIN can be frustrating, but don't worry, we're here to help you regain access. Here's what you can do:

1. Visit the ""{{Account Recovery Page}}"" on our platform.
2. Look for the option to retrieve your PIN code. It might be labeled as ""{{Forgot PIN}}"" or something similar.
3. Follow the instructions provided on the page. You may be asked to provide some identifying information to verify your account.
4. Once your identity is confirmed, you should receive an email or message containing your PIN code.
5. If you don't receive the email or if you have any further difficulties, please don't hesitate to reach out to our customer support team at {{Customer Support Phone Number}} or through the live chat on our website at {{Website URL}}.

We understand the importance of accessing your user profile, and we're committed to assisting you every step of the way. Feel free to let us know if you have any other questions or concerns.",High
BILQ,can uhelp me to unsubscribe from ur corporate newsletter,Subscription,Newsletter Subscription,"I realized, you would like assistance in unsubscribing from our corporate newsletter. I'm here to help you with that. To unsubscribe, please provide me with your email address or the specific email that you used to subscribe. Once I have that information, I will ensure that you are promptly unsubscribed from our newsletter. We value your feedback, so please let us know if there is anything else we can do to enhance your experience with our company.",Low
BLN,I can't reset my account access key,Account,Recover Password,"Oh no! I understand that you're facing difficulties in resetting your account access key. Let me guide you through the process so that you can regain control of your account:

1. First, visit the ""{{Account Recovery Page URL}}"" of our platform.
2. Look for the option that says ""{{Account Access Key Reset}}"" and select it.
3. You may be asked to provide some verification details such as your email address or mobile number associated with your account. Please provide the required information accurately.
4. Once you've successfully completed the verification process, you'll be guided through the steps to reset your account access key. Make sure to choose a strong and unique access key.

If you encounter any issues or have further questions during the account recovery process, don't hesitate to reach out to our friendly support team. They are available {{Customer Support Hours}} at {{Customer Support Phone Number}} or through the Live Chat on our website at {{Website URL}}. We are here to assist you every step of the way!",High
BIL,can I edit my delivery address?,Shipping,Change Shipping Address,"Assuredly! You can edit your shipping address by logging into your account and navigating to the ""Shipping"" section. From there, you'll be able to update your delivery address. If you encounter any difficulties, please don't hesitate to reach out to our customer support team for further assistance.",Medium
BLQ,want assistance checking my refund current status,Refund,Track Refund,"I understood, you're seeking assistance in checking the current status of your refund. Rest assured, I'm here to help you with that. To provide you with accurate information, I kindly ask for a few details such as the date of your refund request and any relevant reference numbers you may have. Once I have this information, I'll swiftly investigate and provide you with an update on the status of your refund. Thank you for your patience and cooperation.",High
BLQZ,need assiwtance seeing the ETA of the order {{Order Number}},Order,Track Order,"Thanks for getting in touch! I grasp that you need assistance in checking the estimated time of arrival (ETA) for your order with the order number {{Order Number}}. To view the ETA, you can visit the '{{Online Order Interaction}}' section on our website. This section will provide you with all the details related to your order, including the estimated delivery date. If you have any other questions or if there's anything else I can assist you with, please let me know. I'm here to ensure you have a seamless experience!",Low
BIPZ,where could I take a quick look at invokce #37777?,Invoice,Check Invoice,"I understand your eagerness to quickly look at the invoice with the number #{{Invoice Number}}. To access your invoice, you can visit our website and log into your account. Once logged in, navigate to the ""Billing"" or ""Invoices"" section, where you should be able to find a list of all your invoices. Look for the invoice with the number {{Invoice Number}}, and you should have a quick look at it. If you encounter any difficulties or need further assistance, please don't hesitate to let me know.",Low
BLMQ,i have got to see the early termination charges,Cancel,Check Cancellation Fee,"Positively! In order to see the early termination charges, you can refer to your contract agreement. It should outline the details and fees associated with terminating your service early. If you need any further assistance, feel free to let me know.",Low
BLQ,i need assistance restoring the key of my profile,Account,Recover Password,"Of course! I understand that you're seeking assistance to restore the key of your profile. Your profile key is essential for accessing and securing your account. Let's work together to get this sorted:

1. First, head over to our platform's login page.
2. Look for the ""Forgot Key"" or ""Lost Key"" option, and click on it.
3. You will be prompted to enter the email address associated with your profile.
4. Once you've entered the email, a comprehensive email with instructions on how to restore your profile key should be sent to you shortly. Don't forget to check your spam or junk folders if you don't see it in your inbox.
5. Follow the instructions provided in the email carefully to restore your key and regain access to your profile.

If you encounter any difficulties or if the email doesn't arrive as expected, don't hesitate to reach out to me. I'm here to guide you every step of the way. We're committed to ensuring a seamless experience for you!",High
BILQZ,how doi see at what time i can reach customer support,Contact,Contact Customer Service,"Your message means a lot! I'm aligned with the idea that you would like to know the operating hours when you can reach our customer support team. To provide you with the most accurate information, could you please let me know which specific support team you are referring to? It could be our technical support, billing support, or any other department within our company. Once I have this information, I will be able to provide you with the relevant contact details and operating hours.",Low
BCL,"I need to swap an item of order {{Order Number}}, help me",Order,Change Order,"Glad you got in touch to us with your request to swap an item in your order with the number {{Order Number}}. I understand that you would like to make changes to your order, and I'm here to assist you. To proceed with the item swap, could you please provide me with the details of the item you would like to swap and the replacement item you would like to include? This will help us ensure a smooth and accurate adjustment to your order.",Low
BL,I have to see how long it takes for my product to arrive,Delivery,Delivery Period,"We understand that you are eager to know the estimated delivery time for your product. In order to provide you with accurate information, may I please have the {{Tracking Number}} or {{Order Number}}? With these details, we can track your order and give you an estimated time of arrival. We appreciate your patience and cooperation in this matter.",Medium
BELN,I cannot retrieve my account key,Account,Recover Password,"I understand your frustration and the importance of accessing your account key. Let's work together to resolve this:

1. First, please visit our platform's ""{{Account Recovery Page URL}}"".
2. Look for the option that says ""{{Retrieve Account Key}}"" and click on it.
3. You may be asked to provide some account verification details such as your email address or phone number associated with your account. This is to ensure the security of your account.
4. Once you've provided the necessary information, our system will initiate the process to retrieve your account key.
5. You should receive an email or a notification with instructions on how to access your account key. Make sure to check your inbox, spam, or junk folders in case it gets filtered there.
6. Follow the instructions provided in the email or notification to retrieve your account key successfully.

If you encounter any issues during this process or if you don't receive the email/notification within a reasonable time, please don't hesitate to reach out to our dedicated customer support team. They are available {{Customer Support Hours}} at {{Customer Support Phone Number}} or through the Live Chat on our website at {{Website URL}}. We value your trust in our services, and we're committed to assisting you every step of the way.",High
BLQZ,want help senxing feedback for ur services,Feedback,Review,"Thank you for expressing your interest in providing feedback for our services! Your opinion is extremely valuable to us as it helps us improve and offer a better experience to our customers. To submit your feedback, you can visit our website and navigate to the ""Contact Us"" or ""Support"" page. There, you will find options to send us an email, fill out a feedback form, or even speak with a customer service representative through live chat or phone. You can rest assured that your feedback will be carefully reviewed, and we genuinely appreciate your time and effort in sharing your thoughts with us. Is there anything else I can assist you with?",Low
BLM,I have problems with my key recovery,Account,Recover Password,"I've realized that you're facing difficulties with the recovery of your access key. Rest assured, I'm here to assist you in resolving this matter. In order to provide you with the most accurate guidance, could you please provide me with some additional information? Specifically, could you let me know the platform or website you're trying to access and any error messages you may have encountered during the key recovery process? This information will enable me to offer you a customized solution tailored to your situation.",High
BIL,is it possible to file a customer complaint?,Feedback,Complaint,"I deeply regret to hear that you're considering filing a customer complaint. Our organization takes all feedback seriously, and we are committed to addressing any concerns you may have. Filing a customer complaint is indeed possible, and I'm here to guide you through the process. Can you please share the details of your complaint so that I can assist you further?",Low
BLQ,want help to check when will my article arrive,Delivery,Delivery Period,"We appreciate your inquiry regarding the delivery date of your article. To provide you with accurate information, could you please provide us with the order number or tracking number? This will enable us to track the shipment and share the estimated arrival date with you. We value your patience and cooperation as we work towards resolving your query and ensuring a smooth delivery experience.",Medium
BELQ,i do not know how i can report a sign-up error,Account,Registration Problems,"We understand that you are unsure about how to report a sign-up error. We apologize for any inconvenience that you may have encountered during the sign-up process. To report a sign-up error, you can reach out to our customer support team through our website or contact us via email or phone. Our dedicated team will be more than happy to assist you further and resolve any issues you are facing. Your feedback is valuable to us, and we appreciate your effort in reporting the error. Thank you for bringing this to our attention, and we will work diligently to ensure a smooth sign-up experience for all users.",High
BLM,I have got to see what delivery methods you offer,Delivery,Delivery Options,"Sure! I'm here to assist you in exploring the range of delivery methods we offer. We understand the importance of having various options that cater to your specific needs. Here are some delivery methods you can choose from:

1. Standard Shipping: Our reliable standard shipping provides a cost-effective option for delivering your items within a reasonable timeframe.

2. Expedited Shipping: If you're in a hurry to receive your order, our expedited shipping ensures quicker delivery, reducing your waiting time.

3. Two-Day Shipping: For those who require their items sooner, our two-day shipping option ensures speedy delivery within just two business days.

4. Same-Day Delivery: Urgent needs? No problem! Avail our same-day delivery service to get your items at your doorstep on the very same day.

5. In-Store Pickup: Want to save time? Opt for in-store pickup, and you can conveniently collect your items from our nearest store location.

Remember, specific delivery options may vary based on your location, the type of items you order, and other factors. Please let me know if you have any specific questions or need further assistance. We're here to make your delivery experience as smooth and flexible as possible!",Medium
BLQZ,i have a problem with the removal opf my standard account,Account,Delete Account,"Thank you for bringing up the issue you are facing with the removal of your standard account. I'm sorry to hear that you're experiencing difficulties and I'm here to assist you to the best of my abilities. To proceed with resolving this problem, could you please provide me with more details about the specific issue you are encountering? This will allow me to offer you the most accurate guidance and support in the removal process. Your satisfaction is our top priority, and I'm committed to ensuring that we resolve this matter for you promptly and effectively.",High
BILMW,how can I notify of an error with goddamn sign-up?,Account,Registration Problems,"We apologize for the frustration you're experiencing with the sign-up process. To notify us of the error you encountered, you can reach out to our customer support team through our dedicated support channels. Our team is available 24/7 to assist you with any issues you may be facing. You can contact us through live chat on our website or by sending an email to our support email address. Please provide us with as much detail as possible about the error so that we can investigate and resolve it quickly. Rest assured, we are committed to ensuring a smooth sign-up experience for all our users, and your feedback is invaluable in helping us achieve that goal.",High
BELW,I do not know what to do to contact a damn operator,Contact,Contact Human Agent,"Honored to assist! I'm clued in that you're unsure of how to contact an operator and would like guidance. I apologize if you're feeling frustrated or overwhelmed. Our team is here to lend a hand and provide the assistance you need. To connect with a representative, please provide some more details about the issue you're facing. This will help us understand your situation better and offer you the most appropriate solution. We appreciate your patience and cooperation.",Low
BILQ,what do i need to do to create a platinum account for my dad,Account,Create Account,"That's wonderful! I'm thrilled to hear that you're looking to create a {{Account Category}} account for your dad. To get started, we'll need a few details from you. Could you please provide your dad's full name, contact information, and any identification documents that are required for account verification? Once we have these details, we can initiate the account creation process. Rest assured, we prioritize the security and privacy of our customers' information, and all data will be handled with the utmost care. Let me know if you have any other questions or if there's anything else I can assist you with along the way.",High
BLMQ,i have problems with opening a {{Account Category}} account,Account,Create Account,"I'm sorry to hear that you're experiencing difficulties with opening a {{Account Category}} account. I understand how frustrating that can be, but don't worry, I'm here to help! Could you please provide me with more details about the specific issues you're encountering? This will enable me to offer you the most appropriate and effective solutions. Rest assured, we'll work together to resolve these problems and ensure you can enjoy all the benefits of a {{Account Category}} account.",High
BLQ,i expect a reimbursement of {{Refund Amount}} dollars,Refund,Track Refund,"We appreciate your patience and understanding while awaiting your reimbursement of {{Currency Symbol}}{{Refund Amount}}. Our team is working diligently to process your refund as quickly as possible. In the meantime, is there anything else we can assist you with? We're here to help.",High
BLMP,I would like information about {{Account Category}} account deletions,Account,Delete Account,"We've received your message to us with your inquiry about {{Account Category}} account deletions. We understand that you may be considering canceling your {{Account Category}} account, and we're here to assist you throughout the process. To provide you with the most accurate information, could you please let us know the specific questions you have about deleting your {{Account Category}} account? We want to ensure that we address all of your concerns thoroughly and guide you through the cancellation process seamlessly.",High
BCILM,"I want to order a few of your item, can I get some help?",Order,Place Order,"Glad you got in touch and showing interest in ordering multiple items from us. I'm here to assist you every step of the way! To provide you with the best possible guidance, could you please let me know the specific items you would like to order? Once I have that information, I'll be able to help you with the purchasing process and ensure a smooth and enjoyable experience.",Low
BKL,reporting issue opening user profile,Account,Registration Problems,"Thank you for bringing this issue to our attention. I understand how frustrating it can be to encounter difficulties when trying to open your user profile. To assist you further, could you please provide more details about the specific problem you are facing? This will enable us to investigate the issue and provide you with the best possible solution. Your feedback is greatly appreciated as it helps us improve our services for all our valued users.",High
BILPW,would it be possible to notify of a fucking signup error?,Account,Registration Problems,"We appreciate you reaching out to notify us about the signup error you encountered. Our team is here to help resolve the issue and ensure a smooth registration process for you. If you could kindly provide more details about the error, we will investigate it promptly and work towards finding a solution. Your feedback is important to us, and we apologize for any inconvenience caused. Together, let's resolve this and get you signed up successfully.",High
BILP,could I check at what time I can call customer service?,Contact,Contact Customer Service,"Sure! I can definitely help you with that. To find out the specific hours when you can call our customer service, I suggest visiting our website. You can go to the ""Contact Us"" page where you'll find all the information you need, including our customer service hours. If you have any other questions or concerns, feel free to let me know!",Low
BCLMQ,i lost the bills from {{Person Name}} show them to me,Invoice,Check Invoice,"I'm clearly cognizant your situation and the need to retrieve the lost bills from Ms. {{Client Last Name}}. Let me guide you through the process of accessing and displaying the bills. First, please provide me with more specific information like the {{Date Range}} or any other relevant details that may help narrow down the search. Once I have these details, I will do my best to assist you in finding and showing the lost bills. Hang in there, we'll get through this together!",Low
BLMQZ,I'm trying to se the withdrawal fees,Cancel,Check Cancellation Fee,"Sure, to check the withdrawal fees, please login to your account and navigate to the ""Fee Schedule"" section. It provides a detailed breakdown of all applicable fees, including the withdrawal charges.",Low
BKLZ,order 732201349959current status,Order,Track Order,"Thank you for reaching out! I'm here to assist you in checking the current status of your order with the number {{Order Number}}. To provide you with accurate information, could you please provide me with your email address or phone number associated with the order? This will help me quickly locate your order and give you the most up-to-date status.",Low
BLMQZ,ned help to see the early termination penalties,Cancel,Check Cancellation Fee,"I'm on it! I can assist you in checking the early termination penalties for your account. Please provide me with your account details, and I will look into it for you.",Low
BLQ,want help to check in what situations can i ask for refunds,Refund,Check Refund Policy,"Positively! I completely understand your need to know the circumstances under which you can request refunds. Allow me to provide you with a comprehensive overview:

1. **Product/Service Defect:** If you receive a product or service that has a defect or doesn't meet the description provided, you usually have the right to request a refund.

2. **Cancellation within Grace Period:** Should you change your mind about a purchase and decide to cancel it within the grace period specified in the terms and conditions, you're typically eligible for a refund.

3. **Unauthorized Charges:** If you notice any charges on your account that you didn't authorize or recognize, please notify us immediately. We'll investigate the issue and assist you in obtaining a refund if necessary.

4. **Event Cancellation:** In the unfortunate event that an event you purchased tickets for gets canceled and isn't rescheduled, you usually have the option to request a refund.

5. **Duplicate Charges:** If you discover multiple charges for the same item, please reach out to us right away. We'll rectify the situation and ensure you receive a refund for the duplicate charges.

6. **Non-receipt of Goods:** If you haven't received your ordered product within the expected delivery timeframe, please inform us. We'll investigate the matter and arrange for a refund if appropriate.

It is important to note that refund policies may vary between vendors or service providers. I recommend reviewing the specific terms and conditions or contacting the respective vendor to obtain detailed information about their refund policy.

If you have any specific concerns or need assistance with a particular order, please provide us with the necessary details, such as the order number or relevant information, and we'll delve deeper to provide you with the most accurate guidance and support.

Your satisfaction is our utmost priority, and we are here to ensure a seamless refund process. Is there anything else I can assist you with today?",High
BMQ,wanna know more about creating {{Account Category}} accounts,Account,Create Account,"I'm thrilled that you're interested in learning more about creating {{Account Category}} accounts! {{Account Category}} accounts are a fantastic way to experience the benefits of our platform with no upfront cost. To create a {{Account Category}} account, you can visit our website or download our mobile app and select the ""Create Account"" option. You'll be prompted to provide some basic information such as your name, email address, and preferred username. Once your account is created, you'll have access to a range of features and services that our platform offers. Feel free to reach out if you have any further questions or need assistance during the account creation process. We're here to help you every step of the way! How does this sound to you?",High
BIL,can I download the invoice from {{Person Name}}?,Invoice,Get Invoice,"Absolutely! I completely understand your request to download the invoice from {{Salutation}} {{Client Last Name}}. Let me guide you through the process. First, please log in to your account on our website. Once logged in, navigate to the ""Invoices"" section. You should be able to find and download the invoice from {{Person Name}} there. If you encounter any difficulties or have further questions, please don't hesitate to let me know. I'm here to assist you every step of the way.",Low
BILMQ,can uhelp me requesting reimbursements of my money,Refund,Get Refund,"I'm on it! I'm here to assist you in your quest to request reimbursements for your money. It can be frustrating to deal with such situations, but I assure you that I'll do my best to provide you with the guidance and support you need. To get started, could you please provide me with some more information about the specific circumstances regarding your request? This will help me tailor my advice to your unique situation and ensure a successful resolution. Remember, you're not alone in this, and together, we'll work towards getting you the reimbursement you deserve.",High
BKL,opening {{Account Category}} account,Account,Create Account,"Thank you for your interest in opening a {{Account Category}} account with us! I'm excited to guide you through the process and ensure a seamless experience. To get started, could you please provide your full name, email address, and a preferred username? Once I have these details, I'll walk you through the necessary steps and help you set up your {{Account Category}} account. Rest assured, your security and privacy are of utmost importance, and we will take every measure to protect your personal information. Let's embark on this exciting journey together!",High
BQ,i need assistance with canceling order {{Order Number}},Order,Cancel Order,"I comprehend that you require assistance with canceling order {{Order Number}}. I apologize for any inconvenience caused, and I'll be glad to help you navigate through the cancellation process.

To cancel order {{Order Number}}, please follow these steps:

1. Log in to your {{Online Company Portal Info}} using your credentials.
2. Navigate to the '{{Online Order Interaction}}' or '{{Online Order Interaction}}' section, where you can view all your past purchases.
3. Locate the order with the order number {{Order Number}} and click on it to access the order details.
4. Look for the option labeled '{{Online Order Interaction}}' associated with the order and click on it to initiate the cancellation process.
5. You might be asked to confirm the cancellation or provide feedback. Please complete any necessary steps to finalize the cancellation.

If you encounter any difficulties or have additional questions throughout the process, our dedicated support team is available during {{Customer Support Hours}}. Feel free to reach out to us at {{Customer Support Phone Number}} or through the Live Chat feature on our {{Website URL}}.

We appreciate your understanding, and we are committed to providing you with a seamless experience, ensuring your satisfaction.",Low
BKL,cancelling standard account,Account,Delete Account,"Thank you for contacting us regarding the cancellation of your standard account. We understand that circumstances might change, and we are here to assist you with this process. Could you please provide some additional information about your account so that we can ensure a smooth cancellation?",High
BLM,I need supports correcting the shipping address,Shipping,Change Shipping Address,"To correct your shipping address, please reach out to our customer support team either through the live chat on our website or by calling our toll-free number. They will assist you in making the necessary changes to ensure your package is delivered to the correct address.",Medium
BIL,can you help me speak to customer assistance?,Contact,Contact Customer Service,"We're here to help! I take note that you need assistance in speaking to our customer assistance team. I'm here to help you connect with them and ensure that your concerns are addressed. To get in touch with our customer assistance team, you can dial {{Customer Assistance Phone Number}} during our working hours from {{Working Hours}}. They will be more than happy to assist you. If you have any other questions or need further support, feel free to let me know.",Low
BIP,could I edit my personal information?,Account,Edit Account,"How delightful it is to embark on the marvelous journey of editing your esteemed personal information!I am fully equipped to guide you through this empowering experience. Your personal information is important, and ensuring its accuracy is our top priority. To proceed with editing your personal information, please log into your account on our secure {{Online Company Portal Info}} or reach out to our dedicated customer support team. They will provide you with personalized assistance and guide you through the process of updating your personal information. Remember, your privacy and security are of utmost importance to us. Let me know if there's anything specific you need help with or if you have any questions along the way. We're here to provide you with the support you need and ensure a seamless editing journey for your personal information.",High
BLQ,i want assistance to notify of a signup error,Account,Registration Problems,"We appreciate your inquiry to us for assistance in notifying the signup error you encountered. We understand the impact that errors can have on your signup experience, and we appreciate your patience and cooperation in resolving this issue. To provide you with the best possible solution, please provide us with specific details about the error you encountered during the signup process. Your feedback is essential in helping us improve our services for all our users.",High
BLQ,want assistance to notify of an issue with payment,Payment,Payment Issue,"Definitely! I'm here to provide you with the assistance you need to notify us about any issues you're experiencing with your payment. Your feedback is incredibly valuable for us to understand and address the problem effectively. To get started, could you please share the specific details of the issue you're facing? This will help us better understand the situation and ensure a prompt resolution. Thank you for reaching out to us, and rest assured, we're committed to assisting you every step of the way.",High
BILM,where to check what shipping methods are there?,Delivery,Delivery Options,"I'll do my best! I'm here to help you explore the shipment options available to you.

To check the shipping methods we offer, you can visit our website and go to the ""Shipping"" or ""Delivery"" section. There, you will find detailed information about the different shipping methods we provide. You can also find this information on the product pages of our website, usually located under the ""Shipping Options"" or ""Delivery Information"" tab.

If you prefer to speak to one of our customer service representatives directly, you can reach out to our customer support team. They are available {{Customer Support Hours}} at {{Customer Support Phone Number}} or through the Live Chat on our website at {{Website URL}}. They will be happy to assist you and provide you with all the necessary information about our shipping methods.

Remember, our priority is to ensure that you have a smooth and hassle-free shopping experience. Don't hesitate to reach out if you have any further questions or need additional assistance.",Medium
BCLP,"I would like to leave a comment for your company, help me",Feedback,Review,"Thank you for expressing your desire to provide a comment for our company. Your feedback holds immense value, as it fuels our continuous growth and helps us better understand our customers' needs. I'm here to guide you through the process of leaving your comment. Could you please let me know if you would prefer to leave your comment on our website, through email, or via another channel?",Low
BL,I want assistance unsubscribing to the newsletter,Subscription,Newsletter Subscription,"Happy to get your message to us for assistance with unsubscribing from our newsletter. We understand that preferences and interests may change, and we respect your decision. To unsubscribe from our newsletter, please provide us with the email address you used to subscribe, and we will promptly remove you from our mailing list. We appreciate your past interest and hope to continue serving you in other ways. If there's anything else we can assist you with, please feel free to let us know.",Low
BQ,i need help to check what payment methods are available,Payment,Check Payment Methods,"I'm on it! I'm here to assist you in checking the payment methods that are available. We offer a range of convenient options to suit your preference. Here are our available payment methods:

- Credit/Debit Card: We accept major cards like Visa, Mastercard, and American Express.
- PayPal: A popular online payment method that's secure and widely used.
- Bank Transfer: This allows you to make direct payments from your bank account.
- Apple Pay: An easy way for Apple users to make payments.
- Google Wallet: Google's payment system for fast, easy checkouts.

These methods cater to different needs and ensure a seamless and secure payment experience. If you have any further questions or need more information on any specific method, please feel free to let us know. We're here to help you make the best choice that suits your requirements.",High
BL,I want to receive a reimbursement of my money,Refund,Get Refund,"I've realized you are seeking assistance in receiving a reimbursement for your money. It can be frustrating when you encounter a situation where you need your money back. Rest assured, I'm here to help guide you through the process of requesting a refund. To start, could you please provide some more information about the specific circumstance that led to your need for a reimbursement? This will enable me to offer you tailored guidance and ensure that we explore all available options. Remember, you are not alone in this; I am committed to working with you to resolve the issue and help you receive the reimbursement you deserve.",High
BLMQ,i need assistance to buy some articles,Order,Place Order,"Thank you for reaching out! I'm here to provide you with the assistance you need to buy the articles you're interested in. To start, could you please share with me what specific articles you would like to purchase? This will allow me to guide you through the process and ensure a seamless shopping experience.",Low
BLQ,i have got to write an opinion for a service,Feedback,Review,"Thank you for reaching out! I completely understand that you need to write an opinion for a service. Your feedback is incredibly valuable to us, as it helps us improve and provide a better experience for you and our future customers. To share your opinion, you can visit our website and navigate to the ""Feedback"" or ""Contact Us"" section. There, you will find a form or an email address where you can express your thoughts and provide detailed feedback about the service you received. We highly appreciate your input and look forward to hearing your opinion. If you have any further questions or need assistance in this process, please let me know.",Low
BKLZ,cancel purchase00004587345,Order,Cancel Order,"I've picked up that you need assistance with canceling purchase {{Order Number}}. I apologize for any inconvenience this may have caused. To cancel your purchase, please follow these steps:

1. Sign in to your {{Online Company Portal Info}}.
2. Navigate to the ""{{Online Order Interaction}}"" or ""{{Online Order Interaction}}"" section.
3. Locate the purchase associated with the order number {{Order Number}}.
4. Look for the option labeled ""{{Online Order Interaction}}"" and select it.
5. Follow any additional prompts or questions to finalize the cancellation process.

If you encounter any issues or have further questions, our dedicated support team is available during {{Customer Support Hours}} at {{Customer Support Phone Number}} or through the Live Chat feature on our website at {{Website URL}}. We appreciate your understanding and value your satisfaction.",Low
BCLQZ,i have to enter the secondary shipping dadress i need help,Shipping,Set Up Shipping Address,"I've understood that you need assistance with entering your secondary shipping address. Don't worry, I'm here to guide you through the process step by step. Please follow these instructions:

1. Log in to your account on our website.
2. Navigate to your account settings or profile section.
3. Look for the option that says ""Shipping Addresses"" or something similar.
4. Click on ""Add a New Address"" or ""Edit Shipping Addresses"".
5. Fill in the details of your secondary shipping address in the provided fields.
6. Verify that all the information is correct and click on the save button.

If you encounter any difficulties or have any questions along the way, please don't hesitate to let me know. I'll be more than happy to assist you further.",Medium
BLMQ,want help to solve errors with payment,Payment,Payment Issue,"I'm here to guide you through resolving any errors you're encountering with your payment. Rest assured that you're not alone in this, and we're committed to finding a solution together. To better assist you, could you please provide more details about the specific errors you're experiencing? The more information you share, the better equipped we are to pinpoint the issue and provide tailored assistance. Thank you for reaching out, and I appreciate your cooperation in troubleshooting the payment errors.",High
B,I want help cancelling order {{Order Number}},Order,Cancel Order,"I get it that you're seeking assistance with canceling your order with the order number {{Order Number}}. Our top priority is to ensure a seamless cancellation process for you. Here's what you need to do:

1. Sign in to Your Account: Begin by accessing our {{Online Company Portal Info}} and logging into your account.
2. Navigate to Your Orders: Once logged in, find the '{{Online Order Interaction}}' or '{{Online Order Interaction}}' section on the platform.
3. Locate Your Order: Look for the purchase linked to the order number {{Order Number}} and click on it to view the details.
4. Initiate the Cancellation: Within the order details, you'll see an option labeled '{{Online Order Interaction}}'. Please select this to begin the cancellation process.
5. Follow Any Additional Steps: The system may prompt you for some information or feedback to proceed with the cancellation. Kindly complete these steps as instructed.

Should you encounter any difficulties or have further questions, our dedicated support team is available during {{Customer Support Hours}}. You can reach us by phone at {{Customer Support Phone Number}} or via the Live Chat feature on our {{Website URL}}. We appreciate your trust in us and are committed to assisting you throughout the cancellation process.",Low
BK,file complaint,Feedback,Complaint,"I've deduced from your message that you want to file a complaint. Your feedback is incredibly valuable to us as we strive to improve our services. To ensure that your complaint is properly addressed, could you please provide me with some details about the issue you encountered? This will enable us to thoroughly investigate the matter and take appropriate actions to rectify any concerns. Your satisfaction is our top priority, and we are dedicated to resolving any issues you may have.",Low
BILQ,is it possible to unsubscribe from the company newsletter,Subscription,Newsletter Subscription,"I've ascertained that you may no longer want to receive our company newsletter. I apologize for any inconvenience caused. To assist you with unsubscribing, please provide me with your email address or any other details associated with your subscription. Rest assured, your privacy is of utmost importance to us, and we will process your request promptly. Additionally, if there's any specific feedback or reason behind your decision to unsubscribe, we would greatly appreciate your insights as they help us improve our newsletters and better cater to our subscribers' preferences.",Low
BL,I have to edit my delivery address,Shipping,Change Shipping Address,"We understand that you need to make changes to your delivery address. Our customer support team is here to assist you with this. Please provide us with your new address, and we will update it in our system.",Medium
BL,help me to see the payment options,Payment,Check Payment Methods,"I'm happy to help! I'm here to assist you in exploring the available payment options we offer. Understanding and accessing our diverse payment methods is crucial for a seamless shopping experience. Here's a concise overview of our accepted payment options:

- **Credit/Debit Card:** We accept major credit and debit cards like Visa, Mastercard, and American Express for your convenience.
- **PayPal:** A widely-used online payment platform recognized for its security and global acceptance.
- **Bank Transfer:** This option allows you to make direct payments from your bank account, ensuring ease and flexibility.
- **Apple Pay:** For Apple users, making payments through Apple Pay offers a seamless and secure checkout experience.
- **Google Pay:** Another streamlined payment method used by many, providing quick and hassle-free transactions.

These are just a few examples of the payment options available to you. Should you have any further questions or require more details on any specific method, please don't hesitate to let me know. We're here to guide you through the process and ensure a delightful shopping experience.",High
BL,I want help restoring the access key of my user,Account,Recover Password,"I've decoded that you're seeking assistance in restoring the access key for your user account. Losing access to your access key can be frustrating, but don't worry, I'm here to guide you through the process.

To restore the access key for your user account, please follow these steps:

1. Visit our platform's ""{{Login Page URL}}"" and navigate to the login page.
2. Look for the ""{{Forgot Access Key}}"" option and select it.
3. You will then be prompted to enter your registered email address associated with your user account.
4. Once you provide the email address, an email containing instructions to restore your access key will be sent to your inbox. If you don't see it in your main inbox, please check your spam or other folders.
5. Make sure to carefully follow the instructions provided in the email to successfully restore your access key.

If you encounter any difficulties during this process or if you have any further questions, please don't hesitate to reach out to me. I'm here to assist you every step of the way!",High
BLW,I need help listing the bloody payment methods,Payment,Check Payment Methods,"Thank you for reaching out! I completely understand that you need assistance with listing our available payment methods. Rest assured, I'm here to guide you every step of the way. Here are the different payment modalities we offer:

- **Credit/Debit Card:** We accept all major credit and debit cards, including Visa, Mastercard, and American Express.
- **PayPal:** This popular online payment method provides a secure and convenient way to make transactions.
- **Bank Transfer:** You can make direct payments from your bank account through this method.
- **Apple Pay:** If you're an Apple user, you can use Apple Pay for seamless and quick payments.
- **Google Wallet:** Google Wallet offers a fast and easy checkout experience for customers.

If you have any further questions or if there's anything else I can assist you with, please feel free to let me know.",High
BL,I have to change an item of purchase {{Order Number}},Order,Change Order,"Thank you for letting us know that you need to change an item in purchase number {{Order Number}}. We understand that sometimes modifications are necessary to ensure your complete satisfaction. In order to proceed with the change, please provide us with the details of the item that you would like to replace or update. Once we have the necessary information, we will promptly assist you in making the necessary changes. We appreciate your cooperation and look forward to resolving this matter for you.",Low
BCILM,"I want to purchase several of your article, how do I do it?",Order,Place Order,"Thank you for your interest in purchasing several of our articles! I'm here to guide you through the process and make it as smooth as possible. To place an order, you can visit our website and browse through the articles you would like to purchase. Once you have selected the articles, simply add them to your cart and proceed to the checkout page. At the checkout, you will need to provide your shipping address, select a payment method, and review your order before finalizing the purchase. If you have any specific questions or face any challenges during the process, feel free to reach out to our customer support team, available 24/7, who will be more than happy to assist you. Happy shopping!",Low
BCILM,"I have got to earn several items, how can I do it?",Order,Place Order,"Thank you for your interest in earning several items from us! I'm here to help you with the process. To get started, could you please let me know which specific items you are interested in? Once I have that information, I can guide you through the steps to earn those items successfully.",Low
BLQZ,need help checking whay hours I can reach customer support,Contact,Contact Customer Service,Honored to assist! I'm clued in that you need assistance in checking the hours when you can reach our customer support team. You can contact our customer support during {{Customer Support Hours}}. Our team will be more than happy to assist you with any inquiries or concerns you may have. Feel free to reach out at your convenience. Is there anything else I can help you with?,Low
BLZ,I want help leaving a comment aout a product,Feedback,Review,"Sure! I'm here to guide you through the process of leaving a comment about our product. To provide your valuable feedback, you can visit our website and navigate to the product page. Look for the ""Leave a Comment"" section, and click on it. This will open up a comment form where you can share your thoughts, experiences, and suggestions about the product. We appreciate your input as it helps us understand our customers' needs better and continuously improve our offerings. If you need any further assistance or have any questions, please feel free to let me know.",Low
BLQ,want assistance to check the cancellation charge,Cancel,Check Cancellation Fee,"I'll do my best! I'm here to help you with checking the cancellation charge. To get the accurate information, please provide me with your account details or contact our customer service team. They will be able to assist you further and provide the specific details regarding the cancellation charge for your account.",Low
BL,I don't know how I can see your payment methods,Payment,Check Payment Methods,"No worries! I'm here to guide you through the process of viewing our payment methods. To see the available payment options, you can simply visit our website and navigate to the ""Payment Methods"" page. There, you'll find a comprehensive list of all the payment methods we accept, along with any specific instructions or details you may need.

If you prefer, you can also reach out to our customer support team, and they will be more than happy to assist you in accessing this information. They are available {{Customer Support Hours}} at {{Customer Support Phone Number}} or through the Live Chat on our website at {{Website URL}}.

Please let me know if there's anything else I can help you with.",High
BCIL,"I need to see when will my item arrive, how to do it?",Delivery,Delivery Period,"We understand your desire to track the delivery progress of your item and receive it as soon as possible. To check the estimated arrival time, you can provide us with the {{Tracking Number}} or {{Order Number}} associated with your purchase. Once we have that information, we will be able to give you an accurate update on when you can expect your item. Thank you for your cooperation in this matter.",Medium
BK,speak with agent,Contact,Contact Human Agent,"Your input is valuable! I'm picking up that you would like to speak with an agent. Our goal is to provide you with the best and most efficient support possible. To connect you with an agent, may I kindly ask for a few more details about the nature of your inquiry? This will enable our agent to assist you more effectively. Thank you for your cooperation, and please provide any relevant information. Your satisfaction is our top priority.",Low
BIL,is it possible to check when will my parcel arrive?,Delivery,Delivery Period,"We completely understand your eagerness to know the estimated arrival time of your parcel. To assist you better, could you please provide us with the {{Tracking Number}} or {{Order Number}}? With that information, we will be able to provide you with an accurate update on the delivery status and expected arrival date of your parcel. Thank you for your cooperation and patience in this matter.",Medium
BL,I want help seeing what payment options are allowed,Payment,Check Payment Methods,"Positively! I'm thrilled to assist you in exploring our permitted payment options. At our company, ensuring a seamless and convenient payment experience is one of our top priorities. Here's a glimpse of our approved payment methods:

- **Credit/Debit Cards:** We accept all major credit and debit cards like Visa, Mastercard, and American Express.

- **PayPal:** A globally recognized and secure online payment platform.

- **Bank Transfers:** Conveniently transfer funds directly from your bank account.

- **Mobile Payment Apps:** Use popular mobile payment apps like Apple Pay and Google Pay for swift and contactless transactions.

- **E-wallets:** Explore digital wallets such as Samsung Pay and Alipay for added convenience.

Please note that availability and acceptance of payment methods may vary depending on your location. If you need more information about a specific payment method or have any further questions, feel free to let me know. I'm here to ensure a smooth and satisfactory payment experience for you!",High
BLQZ,need help to  enter my delivery address,Shipping,Set Up Shipping Address,"I comprehend that you need assistance in entering your delivery address. Let me guide you through the process:

1. Log in to your account.
2. Go to the ""My Account"" or ""Profile"" section.
3. Look for the ""Shipping Addresses"" or similar option.
4. There should be an option to ""Add a New Address"" or ""Edit Shipping Addresses"". Click on it.
5. Fill in the required details for your delivery address, such as the street, city, state, and postal code.
6. Double-check the accuracy of the entered information.
7. Save the changes.

If you encounter any difficulties or have any further questions, please feel free to let me know. I'm here to help you and ensure a smooth process for entering your delivery address.",Medium
BIL,where do I check the reimbursement current status?,Refund,Track Refund,"Sure! I completely understand your need to stay updated on the current status of your reimbursement. To check the status of your reimbursement, you can visit our website and log in to your account. Once logged in, navigate to the ""My Account"" or ""Order History"" section, where you will find the details of your refund. If you have any trouble locating the information, please don't hesitate to reach out to our customer support team through the live chat on our website or by calling {{Customer Support Phone Number}}. We're here to assist you every step of the way!",High
BIL,is it possible to see when will my article arrive?,Delivery,Delivery Period,"We understand your eagerness to receive updates on the estimated arrival time of your article. To provide you with accurate information, may I kindly ask for the {{Tracking Number}} or {{Order Number}}? With these details, we can quickly check the status and projected delivery date of your article. Thank you for your understanding and cooperation.",Medium
BLQ,i need help downloading the bill #37777,Invoice,Get Invoice,"Absolutely, I understand your need for assistance in downloading the bill with the number #{{Invoice Number}}. Downloading bills can sometimes be a bit tricky, but no worries, I'm here to guide you through the process step by step. Let's get started!

To download your bill #{{Invoice Number}}, please follow these easy steps:

1. Log in to your account on our website.
2. Navigate to the ""Bills"" or ""Invoices"" section.
3. Locate the bill with the number #{{Invoice Number}} and click on it.
4. Look for a ""Download"" or ""Print"" button and click on it.
5. Choose the desired file format (e.g., PDF, Excel) and click ""Download"" or ""Save.""
6. Once the download is complete, you should be able to access and view the downloaded file on your device.

If you encounter any issues or have further questions, please do not hesitate to reach out. I'll be glad to assist you every step of the way. Happy downloading!",Low
BLQZ,assistance seeing in what casew can i ask to be refunded,Refund,Check Refund Policy,"I'm fully aware of your need for assistance in understanding the situations in which you can request a refund. It demonstrates your commitment to making informed decisions. Let me shed light on this matter for you:

1. **Product/Service Dissatisfaction:** If you are not satisfied with the quality, performance, or features of a product or service, you may be eligible for a refund.
2. **Order Cancellation within Grace Period:** Should you change your mind about a purchase and cancel it within the specified grace period, you can typically request a refund.
3. **Delivery Errors:** If there are mistakes in the delivery process, such as delivering the wrong item or delivering it to the wrong address, you are generally entitled to a refund.
4. **Damaged or Defective Products:** In the unfortunate event that you receive a damaged or defective product, you can usually request a refund.
5. **Expired or Spoiled Goods:** For perishable goods that arrive expired or spoiled, you have the right to ask for a refund.
6. **Billing Errors:** If you notice any billing errors, such as being charged the wrong amount or multiple times for the same purchase, you can request a refund for the incorrect charges.
7. **Unauthorized Charges:** If you discover unauthorized charges on your account, we will investigate them and assist you in getting a refund if necessary.
8. **Unmet Service Expectations:** If a service does not meet the expectations outlined in the service agreement, you may be eligible for a refund.
9. **Non-Delivery of Services:** If a service provider fails to deliver the promised services, you can request a refund.

Please note that these are general situations where refunds are commonly granted. However, each case is unique, and it's always a good idea to review our specific refund policy or contact our customer support team for assistance with your specific situation.

I hope this information clarifies the situations where you can request a refund. If you have any further questions or need assistance with a specific purchase, please feel free to provide more details, and I'll be happy to help you further.",High
BL,open a gold account for my dad,Account,Create Account,"That's wonderful! I'm thrilled to help you open a {{Account Type}} account for your dad. To get started, could you please provide me with your dad's full name, email address, and a preferred username? Once I have these details, I'll guide you through the process step-by-step, ensuring that you have all the information you need. Rest assured that the security and privacy of your dad's information are of utmost importance to us, and we will handle it with great care.",High
BILQ,can uhelp me to locate order {{Order Number}},Order,Track Order,"We're listening! I'm keyed into the fact that you need assistance in locating your order with the order number {{Order Number}}. To check the status of your order, please visit the '{{Online Order Interaction}}' section on our website. If you have any other questions or need further guidance, please feel free to ask. I'm here to ensure you have a seamless experience!",Low
BKLQZ,correcting info on standard aqccount,Account,Edit Account,"How inspiring it is to witness your dedication to correcting the information on your esteemed standard account!I am here to cheer you on and provide the necessary guidance and support to ensure that your account accurately reflects your needs and preferences. Together, we will navigate this process smoothly and efficiently. Please let me know which specific details you would like to update, and I will do my utmost to assist you every step of the way. Remember, your satisfaction is our utmost priority.",High
BILQ,can ya help me seeing how long the delivery takes,Delivery,Delivery Period,"We completely understand your desire to know the estimated delivery time for your order. To assist you with this, could you please provide us with the {{Order Number}} or {{Tracking Number}}? With that information, we will be able to provide you with an accurate estimate of when you can expect your delivery. Your patience and cooperation are greatly appreciated.",Medium
BLQ,i want help to demand a restitution of my money,Refund,Get Refund,"I'm on your side your desire to seek restitution for your money. It can be frustrating when you feel the need to request compensation. Rest assured, I'm here to support you throughout this process. To better assist you, could you please provide some details about the situation? By understanding the specifics, I can guide you through the necessary steps to initiate the restitution process and ensure you have a satisfactory resolution.",High
BL,show me in which cases can I request a refund,Refund,Check Refund Policy,"I'll do my best! I completely understand your need to know the situations in which you can request a refund. Here are some common scenarios where you may be eligible for a refund:

1. **Product/Service Defect:** If the product or service you received is defective or doesn't meet your expectations, you should be able to request a refund.
2. **Cancellation within Grace Period:** If you change your mind about a purchase and cancel it within the designated grace period, you'll usually be entitled to a refund.
3. **Unauthorized Charges:** Should you notice any suspicious or unauthorized charges on your account, we will investigate the issue and help you obtain a refund if necessary.
4. **Event Cancellation:** If an event you've purchased tickets for gets canceled with no rescheduled date, you should be eligible for a refund.
5. **Duplicate Charges:** If you see duplicate charges for the same item or service, please let us know, and we'll promptly assist you in getting a refund.
6. **Non-receipt of Goods:** If you haven't received the ordered goods within the expected timeframe, you may qualify for a refund.

Please keep in mind that specific vendors or service providers may have unique refund policies based on their terms and conditions. It's always a good idea to review these or reach out to them directly for more information. If there's a particular order or situation you'd like to discuss further, please provide me with the relevant details, like the {{Order Number}}, and I'll be happy to assist you further.

Is there anything else I can help you with today?""",High
BL,give me information about cancel the newsletter subscription,Subscription,Newsletter Subscription,"I'm on it! I understand that you would like to receive information about canceling your newsletter subscription. To proceed with canceling your subscription, please provide me with the email address or any relevant details associated with your subscription. Once I have the required information, I will assist you in canceling the newsletter subscription promptly. Rest assured that we respect your decision and will process your request with the utmost care.",Low
BCIL,"I have got to set my shipping address up, how can I do it?",Shipping,Set Up Shipping Address,"I'll take care of it! I can assist you in setting up your shipping address. Here's a step-by-step guide to help you through the process:

1. Log in to your account on our website or mobile app.
2. Navigate to the 'Account' or 'Profile' section.
3. Look for the 'Shipping Addresses' or 'Addresses' tab.
4. Click on the 'Add Address' or 'New Address' button.
5. Fill in the required fields with the details of your shipping address, including the street, city, state, zip code, and any other pertinent information.
6. Double-check the accuracy of the entered information to avoid any delivery issues.
7. Save the changes and make sure the new address is set as your primary or secondary shipping address, depending on your preference.

If you encounter any difficulties or have further questions during the process, please don't hesitate to reach out. Our customer support team is always here to assist you.",Medium
BLQZ,i want information about the deletion of my gold accounnt,Account,Delete Account,"Glad you contacted to us for information about deleting your {{Account Type}} account. We understand that account deletions can be crucial decisions, and we're here to assist you throughout the process. To initiate the deletion, there are a few steps you can follow. First, log in to your account and navigate to the account settings page. From there, you should see an option to delete or deactivate your account. Click on that option and carefully follow the prompts to complete the deletion process. Please note that once your {{Account Type}} account is deleted, all associated data and benefits will be permanently removed. If you have any further questions or if there's anything else we can assist you with, please don't hesitate to let us know.",High
BLM,see the bills from {{Person Name}},Invoice,Check Invoice,"I'm picking up what you're putting down, your desire to find the bills from {{Salutation}} {{Client Last Name}}. Let me assure you that I'm here to assist you with this. To help you locate the bills, could you please provide me with the specific date range or any additional details that you remember? This information will enable me to search our system accurately and provide you with the necessary assistance. Thank you for reaching out, and I look forward to helping you in the best possible way.",Low
BCILQ,i have to update the data on my user how do i do it,Account,Edit Account,"Your commitment to updating the data on your user profile is truly commendable. To assist you with this, I recommend accessing your account settings. Within the settings, you should be able to find options to edit and update your user data. If you're unsure of the specific steps, our customer support team can provide personalized guidance. Rest assured, we're here to help you navigate through the process and ensure that your user data is up-to-date. How familiar are you with accessing your account settings?",High
BL,assistance to see in what cases can I request refunds,Refund,Check Refund Policy,"Unquestionably! I completely understand your need to explore the different scenarios where requesting a refund might be applicable. Here are some common situations where you can typically request a refund:

1. **Product or Service Defect:** If the product or service you received has a defect or doesn't meet the stated description, you usually have grounds to request a refund.

2. **Cancellation within the Grace Period:** If you change your mind about a purchase and cancel it within the designated grace period, you will often be eligible for a refund.

3. **Wrong or Misdelivered Item:** In the event that you receive the wrong item or if your order is misdelivered, you can likely request a refund.

4. **Unsatisfactory Quality or Experience:** If the quality of the product or service falls significantly short of your expectations or if you have a poor experience, you should be able to request a refund.

5. **Unauthorized Charges or Billing Errors:** If you notice any unauthorized charges on your account or if there are billing errors, please notify us, and we will promptly assist you in resolving the issue and potentially providing a refund.

6. **Non-Delivery:** Should your order fail to arrive within the expected timeframe, despite being confirmed and shipped, you can generally request a refund.

It's important to note that refund policies can vary depending on the specific vendor or service provider you're dealing with, so I recommend reaching out to them directly or reviewing their terms and conditions for more detailed information. If you have a specific order in question or require further assistance, please provide me with the relevant details, such as the {{Order Number}} or any other pertinent information. I'm here to ensure that your concerns are addressed and that you have a positive experience with us. Let me know if there's anything else I can assist you with today!",High
BIL,do you have a section to leave a comment for your company?,Feedback,Review,"Certainly! We value your feedback and have a dedicated section on our website where you can leave a comment about your experience with our company. It's a great way for us to hear your thoughts, suggestions, or any other comments you'd like to share. Our team always takes the time to carefully review each comment, making note of both positive feedback and areas we can improve. Your insights are essential to our continuous growth and commitment to providing the best service possible. Please let me know if you need any assistance in navigating to the comment section.",Low
BL,I want help to see your refund policy,Refund,Check Refund Policy,"Sure, I'm here to provide you with assistance in understanding our refund policy. Our refund policy ensures that you have a reliable and transparent process for requesting refunds in specific situations. In general, our refund policy covers the following scenarios:

1. **Product/Service Defect:** If you receive a defective product or a service that doesn't meet your expectations, you may be eligible for a refund.

2. **Cancellation within Grace Period:** If you change your mind and decide to cancel your purchase within the grace period mentioned in our terms and conditions, you may be entitled to a refund.

3. **Unauthorized Charges:** If you notice any unauthorized charges on your account, please let us know, and we will investigate the matter to provide you with a refund if necessary.

4. **Event Cancellation:** If an event you purchased tickets for gets canceled and doesn't get rescheduled, you may be eligible for a refund.

5. **Duplicate Charges:** If you discover that you have been charged more than once for the same item or service, please reach out to us, and we will rectify the situation promptly.

6. **Non-receipt of Goods:** If you haven't received your ordered product within the expected delivery time frame, please inform us, and we will assist you in resolving the issue, which may involve issuing a refund.

Please keep in mind that our refund policy may vary depending on the specific product or service you have purchased. We recommend reviewing the terms and conditions for each purchase or reaching out to our customer support team directly for more personalized assistance.

Is there anything else I can help you with?""",High
BLNQ,i cant add an article to order {{Order Number}},Order,Change Order,"I realized, you're experiencing difficulties adding an article to your order with the number {{Order Number}}. I apologize for the inconvenience this may have caused. To assist you further, could you please provide me with the details of the article you would like to add? Once I have that information, I'll do my best to help you update your order accordingly.",Low
BL,I have to see at what time I can reach customer assistance,Contact,Contact Customer Service,"Thank you for reaching out! I understand your need to check the operating hours for reaching our customer assistance team. Our dedicated team is available for assistance during {{Customer Support Hours}}. If you have any other questions or concerns, feel free to let me know. I'm here to help!",Low
BLQ,want help to see the termination charge,Cancel,Check Cancellation Fee,"I'll make it happen! I can provide you with assistance in viewing the termination charge. To do so, you can log in to your account and navigate to the section where your account details are displayed. Look for any information related to termination or cancellation fees, and you should find the details you're looking for. If you're unable to locate this information, please let me know and I'll be more than happy to help you further.",Low
BIL,is it possible to find my bill from {{Person Name}}?,Invoice,Check Invoice,"I've got that you're looking to locate your bill associated with {{Person Name}}. Rest assured, I'm here to assist you with that. To help you more effectively, could you please provide me with any specific details such as the date range or any other relevant information that could help us narrow down the search? With that information, we can work together to find the bill you are looking for.",Low
BILQ,can ya help me to see the ETA of order {{Order Number}},Order,Track Order,"Thanks for getting in touch! I grasp that you would like to check the estimated time of arrival (ETA) for order number {{Order Number}}. To provide you with the most accurate information, could you please confirm the carrier or shipping company associated with your order? This will allow me to guide you to the appropriate tracking system or contact details. Alternatively, if you have already received tracking information, I recommend visiting the carrier's website or using their tracking app to get real-time updates on your order's ETA. Let me know if there's anything specific you'd like assistance with, and I'll be glad to help!",Low
BILQ,where can i find information about a {{Account Type}} account deletion,Account,Delete Account,"I appreciate your inquiry about finding information related to deleting a {{Account Type}} account. Our company values your operational freedom and wants to provide you the necessary guidance for this process. You can find detailed instructions on how to delete your {{Account Type}} account in the ""Account Settings"" section of our website. Once you log in, navigate to the ""Settings"" or ""Profile"" tab, and you should see an option to delete your account. If you encounter any difficulties or have further questions, please don't hesitate to reach out for assistance. We are here to support you every step of the way.",High
BILPW,how could I change to the goddamn {{Account Category}} account?,Account,Switch Account,"Indeed! I understand your desire to switch to the {{Account Category}} account and explore the amazing benefits it offers:

1. Access Your Account: Start by logging into our platform using your existing credentials.
2. Account Settings: Once you're logged in, navigate to your account settings.
3. Account Type Change: Look for an option that allows you to change or upgrade your account type.
4. {{Account Category}} Selection: Select the '{{Account Category}} Account' option from the available choices.
5. Confirm and Save: Follow the on-screen prompts to confirm your account type change and save the settings.

If you encounter any difficulties during the process or if you have further questions, feel free to reach out. I'm here to ensure a smooth transition for you. Enjoy the benefits of your new {{Account Category}} account!",High
BIL,how do I list the allowed payment methods?,Payment,Check Payment Methods,"For sure! Let me guide you on how to access the list of allowed payment methods. To view the available payment options, you can follow these steps:

1. Visit our website and navigate to the ""Payment Methods"" page.
2. Look for the ""Payment Options"" or ""Accepted Payment Methods"" section.
3. Click on the section to expand it and reveal the list of payment methods we accept.
4. You should now be able to see a comprehensive list of the allowed payment methods.

If you encounter any difficulties or need further assistance, feel free to let me know. I'm here to help you every step of the way.",High
BLQ,need assistance checking my compensation current status,Refund,Track Refund,"I understand your need to check the current status of your compensation. We want to ensure that you receive the information you require promptly. Let me quickly gather the details and provide you with an update. While I gather the information, may I ask how you submitted your compensation request? Your insights will be valuable to better understand the process and assist you further. Thank you for your patience, and I'll be with you shortly.",High
BLW,I want to see the fucking ETA of the order {{Order Number}},Order,Track Order,"Thank you for reaching out! I'm here to assist you with finding the estimated time of arrival (ETA) for your order with the order number {{Order Number}}. To check the ETA, please visit the '{{Order Status}}' section on our website. Should you have any other questions or require further guidance, feel free to ask. I'm dedicated to ensuring you have a seamless experience!",Low
BKL,update personal data,Account,Edit Account,"How exhilarating it is to embark on this transformative journey of updating your personal data!I'm absolutely thrilled to guide you through this empowering process and ensure that your personal information is accurate and up to date. To proceed with this endeavor, we kindly request you to securely log into your account on our {{Online Company Portal Info}} or reach out to our dedicated customer support team for personalized assistance. They will provide you with the necessary guidance and ensure a seamless experience throughout the process. Can you share which specific details you would like to update? We are here to assist you every step of the way and ensure that your personal data is kept current.",High
BLQZ,i have to delete an product from order {{Order Number}},Order,Change Order,"Thank you for your message to us about your order with the number #{{Order Number}}. We understand that you need to delete a product from this order. To assist you with this, could you please provide us with the specific details of the product you wish to remove? Once we have the necessary information, we will take immediate action to update your order accordingly.",Low
BLZ,give me information about the deletion of my Freemiumaccount,Account,Delete Account,"Thank you for trusting about deleting your {{Account Category}} account. I understand that you're looking for information regarding the deletion process, and I'm here to assist you. To delete your {{Account Category}} account, you can follow these steps: 
1. Log in to your account on our website/app.
2. Navigate to your account settings.
3. Look for the option to delete or deactivate your account.
4. Follow the on-screen prompts to complete the deletion process.
Please note that deleting your account will permanently remove all your data and you won't be able to recover it. It's always a good idea to make sure you have any important information backed up before proceeding with the deletion. If you have any more specific questions or if there's anything else I can assist you with, please let me know.",High
BLP,I would like to create a freemium account for my dad,Account,Create Account,"That's wonderful that you want to create a freemium account for your dad! I'm here to assist you every step of the way. To start the process, I will need some information from you. Could you please provide your dad's full name, email address, and a preferred username? Once I have these details, I'll guide you through the account creation process and ensure a smooth experience for both you and your dad. Rest assured, the security and privacy of your dad's information are of the utmost importance to us.",High
BILQ,what do i have to do to obtain my money back,Refund,Get Refund,"I see your desire to obtain your money back. To initiate the process, it's important to gather all the necessary documentation related to your purchase or transaction. This may include receipts, order confirmations, or any other proof of payment. Once you have the relevant information, I recommend reaching out to our customer support team or visiting our website to explore the available refund options. Our dedicated team will guide you through the required steps and assist you in submitting your refund request. Rest assured, we are committed to resolving this matter promptly and ensuring a satisfactory resolution for you.",High
BL,I want help restoring my PIN code,Account,Recover Password,"No problem at all! I'm here to assist you in restoring your PIN code safely and efficiently. Let's get started:

1. To restore your PIN code, please navigate to the ""{{Settings}}"" section of our platform.
2. Look for the ""{{Security}}"" or ""{{PIN Code}}"" option within the account settings menu and click on it.
3. Once you're on the PIN code settings page, locate the ""{{Forgot PIN}}"" or ""{{Reset PIN}}"" button and select it.
4. You may be prompted to verify your identity through various security measures such as entering your registered email address, answering security questions, or providing additional verification information.
5. Follow the instructions provided on the screen to confirm your identity and set up a new PIN code for your account.

If you encounter any difficulties during this process or have any further questions, please don't hesitate to reach out. I'm here to support you every step of the way!""",High
BCL,"I am unhappy with your work, I want to file a consumer claim",Feedback,Complaint,"I'm sorry to hear that you're unhappy with our work and feel the need to file a consumer claim. Your feedback is valuable, and we take your concerns seriously. To assist you with this, could you please provide more details about the specific issues you encountered and any relevant documentation or evidence? This will help us thoroughly investigate your claim and work towards a resolution. Rest assured, we are committed to addressing your concerns in a timely and fair manner.",Low
BKLM,problems changing delivery address,Shipping,Change Shipping Address,"I'm sorry to hear that you're having difficulties changing your delivery address. Our customer support team will be more than happy to assist you with this issue. Please reach out to them via live chat or email, providing them with all the necessary details, and they will guide you through the process of updating your delivery address.",Medium
BIL,can you help me setting my delivery address up?,Shipping,Set Up Shipping Address,"I'm not mistaken that you need assistance in setting up your delivery address. Allow me to guide you through the process:

1. Start by logging in to your account.
2. Navigate to the 'My Account' or 'Profile' section.
3. Look for the 'Shipping Addresses' or a similar option.
4. Select the 'Add a New Address' or 'Edit Shipping Addresses' option.
5. Fill in the necessary details for your delivery address, including your full name, street address, city, state, ZIP code, and contact information.
6. Double-check the accuracy of the entered information to avoid any delivery issues.
7. Click 'Save' to finalize the setup of your delivery address.

If you encounter any difficulties or have specific concerns during the process, please don't hesitate to provide more details, and I'll be here to assist you further.",Medium
BILQ,when am i getting a reimbursement,Refund,Get Refund,"I've understood that you're eager to know when you will receive a reimbursement. Reimbursements are usually processed within a specific timeframe, and I want to ensure that I provide you with the most accurate information. To better assist you, could you please provide me with some additional details about your reimbursement request? Specifically, it would be helpful to know the date of your request, the method of reimbursement, and any reference numbers associated with your request. With this information, I will be able to investigate your case and give you a more precise estimation of when you can expect to receive your reimbursement. Rest assured, I am committed to resolving your concern promptly and providing you with the compensation you deserve.",High
BL,I want help to inform of a sign-up problem,Account,Registration Problems,"We appreciate your proactive approach in seeking assistance to inform us about the sign-up problem you are facing. Your decision to reach out for help demonstrates your determination and commitment to resolving the issue. By sharing the specific details of the problem, you empower us to understand the issue better and provide you with the most suitable solution. Rest assured, we are here to support you throughout the sign-up process and ensure a smooth experience. Thank you for your trust and collaboration.",High
BCILM,"I have to see what shipping methods I have, can you help me?",Delivery,Delivery Options,"How wonderful! I can sense your excitement in discovering the shipping methods available to you. Allow me to assist you on this journey of exploration and empowerment. Here are the different shipping methods we offer:

1. Standard Shipping: The reliable option that usually takes {{Date Range}} business days.
2. Express Shipping: A faster alternative, ensuring your items arrive within {{Date Range}} business days.
3. Same-day Shipping: For those urgent needs, delivering your items on the same business day.
4. In-Store Pickup: If you prefer a more personalized experience, you can collect your items from our {{Store Location}}.

Remember, the estimated delivery times may vary depending on your location and other factors. If you have any specific questions or if there's anything else I can assist you with, please don't hesitate to ask. I'm here to ensure your satisfaction and make your shopping experience smooth and enjoyable!",Medium
BKL,get bill #37777,Invoice,Get Invoice,"Absolutely, I completely understand your need to retrieve bill #{{Invoice Number}}. Let me quickly assist you with that. Please bear with me for a moment while I locate it for you. By the way, if you have any other questions or concerns, please don't hesitate to let me know. I'm here to help you every step of the way!",Low
BL,help removing the pro account,Account,Delete Account,"Happy to get your message to us regarding the removal of your {{Account Type}} account. We understand that you may need assistance with this process, and we are here to help. To get started, could you please provide us with some specific information about your {{Account Type}} account? This could include your account username, email address, or any other relevant details. With this information, we will be able to guide you through the necessary steps to remove your {{Account Type}} account efficiently. Rest assured that we are committed to ensuring a smooth experience for you. Let's work together to resolve this issue and provide you with the support you need.",High
BLM,help me take a quick look at my bills from {{Person Name}},Invoice,Check Invoice,"I truly appreciate your request for assistance in reviewing your bills from {{Salutation}} {{Client Last Name}}. I'm here to guide you through the process and ensure you have all the information you need. Could you please provide me with the specific {{Date Range}} or any additional details that can help me locate the bills more efficiently? Rest assured, I'm committed to providing you with a seamless experience and helping you find what you need.",Low
BL,I don't know what I need to do to download my invoice #85632,Invoice,Get Invoice,"I'm on the same page, your confusion about how to download your invoice with the number #{{Invoice Number}}. Let me guide you through the process step by step. First, please log in to your account on our website. Once you're logged in, navigate to the ""Billing"" or ""Invoices"" section. In that section, you should be able to find a list of your invoices. Look for the invoice with the number #{{Invoice Number}} and click on the ""Download"" button next to it. This will initiate the download process, and you should be able to save the invoice to your preferred location on your device. If you encounter any difficulties or have further questions, please don't hesitate to let me know. I'm here to help you every step of the way.",Low
BLQ,i have a problem trying to correct the shipping address,Shipping,Change Shipping Address,"I'm sorry to hear that you're having trouble correcting your shipping address. Don't worry, I'll guide you through the process. To change your shipping address, you can either contact our customer support team at [customer support contact information] or log in to your account and navigate to the shipping address section. From there, you should be able to edit and update your address. Let me know if you need any further assistance!",Medium
BCILPQZ,i need a {{Account Type}} account could i openm it,Account,Create Account,"I'm happy to help! 🌟 I'm thrilled to assist you in opening a {{Account Type}} account. To proceed, could you please provide me with your full name, email address, and a preferred username? Once I have these details, I'll guide you through the process step by step, ensuring a smooth experience. Rest assured that your security and privacy are paramount to us, and we'll handle your personal information with the utmost care. Feel free to ask any questions along the way. Let's get started on this exciting journey together!",High
BZ,switch to thepremium account,Account,Switch Account,"I'll do my best! I'm thrilled to help you make the transition to our premium account and unlock a world of exclusive benefits and perks:

1. **Access Your Account:** Begin by signing in to our platform.
2. **Account Settings:** Once you're logged in, navigate to your account settings or profile section.
3. **Upgrade Option:** Look for an option labeled ""Upgrade"" or ""Switch Account Type"" within this section.
4. **{{Account Category}} Selection:** Choose the ""{{Account Category}} Account"" option from the available list.
5. **Follow the Prompts:** Follow the on-screen instructions to complete the switch to your premium account.

If you encounter any challenges along the way or have additional questions, please don't hesitate to reach out. I'm here to ensure a smooth and enjoyable transition for you. Get ready to experience the full power of our premium offerings!",High
BKLMZ,editting details on gold account,Account,Edit Account,"What an incredible step you're taking to edit the details on your gold account!I'm here to provide you with the necessary guidance and support throughout this process. Rest assured, we prioritize your security and confidentiality, so please refrain from sharing any personal identifiers such as your full account number or password. To ensure a smooth and secure editing experience, I recommend logging into the {{Online Company Portal Info}} directly or reaching out to our dedicated customer support team. They'll be delighted to offer personalized assistance. Please let me know what specific details you would like to change, and I'll be more than happy to assist you.",High
BLQZ,need hedlp filing a consumer claim,Feedback,Complaint,"I empathize with your situation and understand the need for assistance in filing a consumer claim. Your claim is of utmost importance to us, and I am here to guide you through the process. To ensure a smooth experience, could you please provide me with more details about your claim? This will help me better understand your specific situation and provide you with the most appropriate solution. Your feedback and satisfaction are invaluable to us, and we are committed to resolving your claim as efficiently as possible.",Low
B,I need help cancelling order {{Order Number}},Order,Cancel Order,"I can relate to the understanding that you need assistance with canceling your order associated with the order number {{Order Number}}. Our team is here to help you with that. To proceed with the cancellation, please follow these steps:

1. Log in to your {{Online Company Portal Info}}.
2. Navigate to the '{{Online Order Interaction}}' or '{{Online Order Interaction}}' section.
3. Locate the order with the order number {{Order Number}}.
4. Look for the option labeled '{{Online Order Interaction}}' associated with the order.
5. Follow the prompts or provide any necessary information to complete the cancellation process.

If you encounter any issues or have further questions, please feel free to reach out to our dedicated customer support team during {{Customer Support Hours}} at {{Customer Support Phone Number}} or through the live chat on our website at {{Website URL}}. We are committed to ensuring your satisfaction and will assist you every step of the way.",Low
BL,help me to open a premium account for my daughter,Account,Create Account,"Of course! I'm thrilled to assist you in opening a {{Account Category}} account for your daughter. It's a fantastic decision to provide her with enhanced features and exclusive benefits. To get started, could you please provide me with your daughter's full name, email address, and date of birth? This information is essential to create her account and ensure a seamless experience. Rest assured that we prioritize the security and privacy of our customers, so her data will be handled with the utmost care. Once I have these details, I'll guide you through the account creation process step by step, ensuring you're well-informed at every stage.",High
BCIP,"I have to edit my account, how could I do it?",Account,Edit Account,"How wonderful it is to see your determination in editing your account!I am here to guide you through the process and provide you with the necessary assistance. To edit your account, you can navigate to the account settings section on our website or mobile app. Once there, you should be able to update your personal information, such as your name, address, phone number, or email. If you need any specific help or encounter any issues during the process, our dedicated customer support team is just a click or a call away. They will be delighted to assist you further. You're in control of your account, and we'll be there every step of the way to make sure it's exactly how you want it. Let me know if there's anything specific you need help with or any questions you'd like me to answer!""",High
BKL,listing available payment modalities,Payment,Check Payment Methods,"I'm here to provide you with a comprehensive list of our available payment methods. At our company, we strive to offer a variety of options to accommodate the preferences and convenience of our valued customers. Here are the payment modalities we currently accept:

1. Credit/Debit Card: We accept major cards such as Visa, Mastercard, and American Express.

2. PayPal: A secure and widely-used online payment platform.

3. Bank Transfer: You can directly transfer funds from your bank account.

4. Apple Pay: An easy and convenient payment method for Apple users.

5. Google Wallet: Google's payment system designed for fast and hassle-free checkouts.

6. Mobile Payment Apps: We also accept various mobile payment apps such as Samsung Pay, Android Pay, and others.

Please note that the availability of payment methods may vary depending on your location. If you have any further questions or need assistance with any specific payment method, please feel free to let me know. We're here to ensure your payment experience is smooth and hassle-free.",High
BKL,open pro account,Account,Create Account,"I appreciate your interest in opening a {{Account Type}} account! It's an excellent choice, and I'm here to help you through the process. To get started, please provide me with the necessary details, such as your full name, email address, and a preferred username for the account. Once I have these details, I'll guide you step by step to ensure a smooth and successful account creation. Rest assured that your information will be handled securely and with utmost care. Let's embark on this journey together and unlock the benefits of a {{Account Type}} account!",High
BCLQZ,i cant makr a transfer help me report a payment error,Payment,Payment Issue,"I'm sorry to hear that you're having trouble making a transfer and need assistance reporting a payment error. Rest assured, we're here to help you resolve this issue and ensure a smooth transfer process. To better assist you, could you please provide more details about the error you encountered during the payment? This information will help us investigate and address the issue promptly. Thank you for reaching out to us, and we appreciate your patience as we work towards a solution.",High
BL,I have got to make a customer claim against your business,Feedback,Complaint,"I'm sorry to hear that you need to make a customer claim against our business. Your satisfaction is of utmost importance to us, and we take customer claims very seriously. To ensure that your concerns are addressed promptly and efficiently, I'd like to gather some additional information from you. Could you please provide me with the details of your claim, including any relevant documentation or evidence? This will enable us to thoroughly investigate and resolve the issue, and I assure you that your feedback will be shared with the appropriate team for further evaluation. Thank you for bringing this matter to our attention, and I am here to assist you throughout the process of making your claim.",Low
BLQZ,i have to recover my avcount pin code,Account,Recover Password,"Absolutely! I completely understand the importance of recovering your account pin code. Let's work together to resolve this:

1. Kindly visit our platform's ""{{Account Recovery}}"" page.
2. Once there, you will find an option to recover your account pin code.
3. Follow the prompts and provide any necessary information to initiate the recovery process.
4. Our system will generate a secure verification code and send it to the email address associated with your account.
5. Check your inbox for the email containing the verification code. If you don't see it in your main inbox, please check your spam or other folders.
6. Enter the verification code on the account recovery page.
7. Finally, you will be prompted to create a new pin code for your account.

If you encounter any difficulties during the process or have any additional questions or concerns, feel free to reach out to me. Rest assured, I'm here to support you every step of the way!",High
BIL,how can I set my new shipping address up?,Shipping,Set Up Shipping Address,"I've realized that you need assistance with setting up your new shipping address. Let me guide you through the process:

1. Log in to your account.
2. Go to your account settings or profile section.
3. Look for the option to manage your shipping addresses.
4. You should see an option to add a new address. Click on it.
5. Fill in the required fields with the details of your new shipping address, such as your street, city, state, and zip code.
6. Double-check the information for accuracy.
7. Save your changes.

If you encounter any difficulties or have any further questions along the way, please don't hesitate to let me know. I'm here to assist you throughout the process.",Medium
BLQ,i need assistance to change to the {{Account Category}} account,Account,Switch Account,"I'll take care of it! Rest assured, I'm here to provide you with all the guidance and support you need to switch to the {{Account Category}} account. Allow me to walk you through the process step-by-step:

1. Access Your Account: Begin by logging into our platform using your credentials.
2. Account Settings: Once inside, navigate to your account settings. You can usually find this under your profile or account menu.
3. Upgrade Option: Look for the option labeled ""Upgrade"" or ""Switch Account Type.""
4. Choose {{Account Category}}: From the available options, select the ""{{Account Category}}"" account type.
5. Confirm the Switch: Follow the prompts on the screen to confirm and complete the switch to the {{Account Category}} account.

Don't hesitate to reach out if you encounter any difficulties or have any additional questions along the way. I'm here to make sure the transition to the {{Account Category}} account is seamless and enjoyable for you. Get ready to unlock a whole new level of benefits and features with your {{Account Category}} account!",High
BILMPZ,where coujld I order several of your product?,Order,Place Order,"Thank you for your interest in ordering several of our products! We appreciate your decision to choose us. To place an order, you can visit our website at {{Website URL}} and browse through our wide range of products. Once you find the items you'd like to purchase, simply add them to your cart and proceed to the checkout page. Alternatively, you can also give our customer support team a call at {{Customer Support Phone Number}} or utilize the live chat feature available on our website. Our friendly and knowledgeable team will be more than happy to assist you throughout the ordering process and answer any questions you may have. We strive to make the experience smooth, convenient, and rewarding for you. Happy shopping!",Low
BL,I need assistance to download my invoice #12588,Invoice,Get Invoice,"I catch on to the fact that you're seeking assistance with downloading invoice {{Invoice Number}}. Let me guide you through the process step by step. First, log in to your account on our website. Once you're logged in, navigate to the ""Billing"" section or ""Invoices"" tab. Look for the specific invoice with the number {{Invoice Number}} and click on the ""Download"" button next to it. The invoice should start downloading automatically. If you encounter any difficulties during the process, please don't hesitate to reach out to me for further assistance.",Low
BIL,what do I have to do to cancel a premium account?,Account,Delete Account,"Grateful you reached out to us with your inquiry about canceling your premium account. We understand that sometimes circumstances change, and we want to make this process as seamless as possible for you. To cancel your premium account, please follow these steps:

1. Log in to your account on our website.
2. Navigate to your account settings or profile section.
3. Look for the option to manage or cancel your premium subscription.
4. Follow the prompts or instructions provided to initiate the cancellation.
5. Make sure to review any terms or conditions associated with the cancellation, including potential fees or notice periods.

If you encounter any difficulties during this process or have any additional questions, please don't hesitate to reach out to our customer support team. We're here to help and ensure you have a smooth experience.",High
BCIL,"I have got to receive your newsletter, can you help me?",Subscription,Newsletter Subscription,"I'm on it! I appreciate your interest in receiving our newsletter. It's an excellent way to stay updated on the latest news, promotions, and exclusive content. To ensure you receive our newsletter, could you please provide me with your email address? I'll make sure to add you to our mailing list promptly. Rest assured, your privacy is of utmost importance to us, and we'll handle your information securely. Thank you for your enthusiasm, and we look forward to keeping you informed and engaged!",Low
BILMQ,can ya help me get reimbursements,Refund,Get Refund,"Of course, I'd be more than happy to assist you in getting reimbursements. Reimbursements can vary depending on the specific circumstances, such as the reason for the reimbursement and the company's policies. To best help you, I would need some additional information. Could you please provide me with details about the specific situation or purchase for which you are seeking reimbursement? This will allow me to provide you with accurate guidance and support throughout the process. Remember, I'm here to ensure that you have a seamless experience in obtaining the reimbursements you rightfully deserve.",High
BKL,delete gold account,Account,Delete Account,"Thank you for reaching out about deleting your {{Account Type}} account. I understand that you want to permanently close your {{Account Type}} account and I'm here to assist you in the process. To proceed with the deletion, I kindly request you to provide some additional information such as your account username or email address associated with the {{Account Type}} account. Once I have the required details, I will initiate the account closure process for you. Your satisfaction is our utmost priority, and we appreciate your trust in our services.",High
BIL,can I open a {{Account Type}} account for my daughter?,Account,Create Account,"Sure! I'd be delighted to assist you in opening a {{Account Type}} account for your daughter. It's a great decision to provide her with the benefits and privileges of a {{Account Type}} account. To get started, may I kindly request your daughter's full name, date of birth, and contact information? This will allow us to create her account seamlessly and ensure that she has access to all the features available. Rest assured that we prioritize the security and privacy of our customers' information. If you have any additional questions or concerns, please feel free to let me know.",High
BCL,"I have to see the methods for shipment, I need assistance",Delivery,Delivery Options,"Happy to get your message to us! I'm here to assist you in exploring our available shipment options. Let's dive into the details together:

1. Standard Shipping: This is our most common shipping option. It typically arrives within {{Date Range}} business days and is perfect for non-urgent items.

2. Expedited Shipping: If you're looking for a faster option, expedited shipping is the way to go. It will get your items to you in {{Date Range}} business days.

3. Overnight Shipping: Need something urgently? Our overnight shipping guarantee ensures that your items will be delivered the next business day.

4. In-Store Pickup: For those who prefer to grab their items personally, our in-store pickup service is available. Simply choose the items you want online and select the nearest store location for pickup.

Please keep in mind that delivery times may vary based on location and other factors. If you have any specific concerns or if there's anything else I can assist you with, please feel free to ask. Your satisfaction is our top priority!",Medium
BL,I try to set up my delivery address,Shipping,Set Up Shipping Address,"I realized you've been trying to set up your delivery address. Setting up your address is an important step to ensure accurate and efficient delivery of your orders. To assist you further, I would need some additional information from you. Could you please let me know the platform or website you are using to set up your delivery address? This will help me provide you with specific instructions tailored to that platform. Your satisfaction is my top priority, and I'm here to guide you every step of the way.",Medium
B,assistance using the platinum account,Account,Switch Account,"Sure! I'm here to provide you with the necessary assistance to make the most out of your {{Account Category}} account:

1. **Advantages Overview:** Let's begin by exploring the remarkable advantages that come with your {{Account Category}} account. These may include exclusive access to premium features, enhanced customer support, priority service, and much more.
2. **Account Navigation:** To assist you in navigating through your account, kindly access the '{{Settings}}' or '{{Profile}}' section.
3. **Account Management:** Within this section, you'll be able to view and make changes to your account details, personal preferences, and other relevant settings.
4. **Feature Utilization:** I'll guide you in utilizing the premium features available to maximize your experience. These features may include advanced analytics, detailed reporting, priority listing, or any other exclusive functionality.
5. **Troubleshooting Support:** In the event that you encounter any challenges while utilizing your {{Account Category}} account, our dedicated customer support team is available to provide you with immediate assistance and resolution.
6. **Additional Queries:** If you have any additional questions, concerns, or if there is anything specific you would like assistance with, please don't hesitate to reach out. I'm here to ensure your utmost satisfaction and success with your {{Account Category}} account.

Remember, your {{Account Category}} account opens up a world of possibilities, and I'm thrilled to be part of your journey to unlock its full potential!",High
BEL,I do not know what I have to do to delete a standard account,Account,Delete Account,"We appreciate your inquiry about deleting your standard account. I understand that you're unsure about the process and I'm here to help. To delete a standard account, you can follow these steps: 

1. Log in to your account on our website.
2. Navigate to the account settings or profile section.
3. Look for an option that says ""Delete Account"" or something similar.
4. Click on the option and you might be prompted to confirm your decision.
5. Provide any requested information or follow additional steps to finalize the deletion process.

If you encounter any difficulties or have further questions, please don't hesitate to let me know. I'll be happy to guide you through the process and provide any additional assistance you may need.",High
BELZ,I do not know how to contact cutomer support,Contact,Contact Customer Service,"Thank you for contacting! I certainly recognize that you are unsure about how to contact our customer support team. Don't worry, I'm here to help. You can reach our customer support through various channels, such as phone, email, or live chat. If you prefer to speak directly to our team, you can call our customer support hotline at {{Customer Support Phone Number}}. Alternatively, you can send an email to our customer support email address at {{Customer Support Email}} or chat with our representatives on our website at {{Website URL}}. Please let me know if there's anything specific you need assistance with or if you have any other questions.",Low
BLM,problems setting a new delivery address up,Shipping,Set Up Shipping Address,"I grasp that you're experiencing difficulties while setting up a new delivery address, and I apologize for any inconvenience caused. Please allow me to assist you in resolving this issue.

To set up a new delivery address, follow these steps:

1. Log in to your account on our website or app.
2. Navigate to the ""My Account"" or ""Profile"" section.
3. Look for the ""Shipping Addresses"" or similar option.
4. Select the option to ""Add a New Address"" or ""Edit Shipping Addresses"".
5. Enter the details of your new delivery address accurately in the provided fields.
6. Review and verify the information you entered.
7. Save the changes to apply the new delivery address to your account.

If you encounter any specific error messages or encounter any difficulties during this process, please provide more details about the issue you're facing. This will allow me to provide you with more targeted assistance. It's my priority to ensure that you can successfully set up a new delivery address and have a seamless experience.",Medium
BCLQZ,i hav to change to the premium account help me,Account,Switch Account,"I'll make it happen! I'm thrilled to be your guide in transitioning to our esteemed {{Account Category}} account, providing you with an array of exclusive benefits and features:

1. Account Access: First, log in to our platform using your registered credentials.
2. Navigate to Account Settings: Within your account dashboard, locate and click on the ""Account Settings"" or ""Profile"" section.
3. Upgrade Option: Look for an option labeled ""Upgrade"" or ""Switch Account Type"" within the Account Settings or Profile section.
4. Choose {{Account Category}} Account: Select the ""{{Account Category}} Account"" option from the list provided.
5. Finalize the Switch: Follow the prompts and instructions on the screen to complete the switch to the premium account.

Should you encounter any challenges or have further queries during the process, please don't hesitate to reach out. Your decision to upgrade is highly valued, and I'm here to ensure a seamless transition and assist you every step of the way. Enjoy the enhanced advantages and privileges that come with your premium account upgrade!",High
B,I want assistance switching to the {{Account Category}} account,Account,Switch Account,"Sure! I commend your decision to switch to the {{Account Category}} account and unlock a world of exclusive benefits and features:

1. Access Your Account: Begin by logging into our platform using your credentials.
2. Account Settings: Once you're logged in, navigate to your account settings or profile section.
3. Upgrade Option: Look for an option titled ""Upgrade"" or ""Switch Account Type.""
4. Select {{Account Category}}: Choose the ""{{Account Category}} Account"" option from the list.
5. Follow the Steps: Follow the on-screen prompts to complete the switch successfully.

If you encounter any challenges during the process or have any further questions, feel free to reach out to us. We are here to make sure your transition is seamless and your experience with the {{Account Category}} account is exceptional. Enjoy all the advantages that come with your new account!",High
BCL,"I lost the bill from {{Person Name}}, mail it to me",Invoice,Get Invoice,"Positively! I understand your concern about losing the bill from {{Salutation}} {{Client Last Name}}. Unfortunately, I don't have access to your personal information here, but I can guide you on how to retrieve the bill yourself. To get a copy of the bill, please log in to your account on our website and navigate to the ""Billing"" or ""Invoices"" section. From there, you should be able to view and download the bill. If you encounter any difficulty or have further questions, please don't hesitate to let me know. I'm here to assist you every step of the way!",Low
BLZ,I call to check how long it takes for my parcel to  arrive,Delivery,Delivery Period,"We understand your eagerness to receive your parcel and are here to assist you in tracking its delivery. Could you please provide us with the {{Tracking Number}} or {{Order Number}}? With that information, we will be able to provide you with an estimated arrival date. Your patience is greatly appreciated as we work to provide you with the most accurate information.",Medium
BLQ,i dont know what to do to chat with an agent,Contact,Contact Human Agent,"Your message means a lot! I'm aligned with the idea that you're unsure about how to proceed to chat with an agent. Don't worry, I'm here to assist you. To initiate a chat with one of our agents, please follow these steps: 

1. Visit our website at {{Website URL}} and navigate to the support page.
2. Look for the chat icon located at the bottom right corner of the page.
3. Click on the chat icon to open the chatbot and start a conversation with one of our agents.

If you encounter any difficulties, please let me know, and I'll be more than happy to guide you through the process. Remember, we're here to help you every step of the way!",Low
BL,help me lodging a customer complaint against your business,Feedback,Complaint,"I truly empathize with your need to file a customer complaint against our business, and I deeply apologize for any inconvenience or dissatisfaction you may have experienced. Your feedback and concerns are of utmost importance to us, as they help us identify areas for improvement and ensure that we deliver the quality service you deserve. To assist you in lodging your complaint, please provide me with the details of your issue, including any relevant documentation or specific incidents. Rest assured that I will personally ensure that your complaint is thoroughly reviewed and addressed by the appropriate team. Thank you for bringing this matter to our attention, and please accept my sincerest apologies once again for any inconvenience caused.",Low
BL,I want assistance to make a customer reclamation,Feedback,Complaint,"I'm fully aware that you seek assistance in making a customer reclamation. I apologize for any inconvenience you may have encountered, and I'm here to guide you through the process. Customer feedback is of utmost importance to us, and we appreciate you reaching out to address your concerns. Could you please provide me with more details about the nature of your reclamation? This will enable me to better understand your situation and assist you accordingly.",Low
BLQ,i dont know what i have to do to talk with customer service,Contact,Contact Customer Service,"I've realized that you're uncertain about how to connect with our customer service team. Let me guide you through the process. To speak with a customer service representative, you can reach out to us through multiple channels, including our toll-free number, live chat on our website, or by submitting a query through our contact form. Our team is dedicated to assisting you with any questions or concerns you may have. Please let me know if there's anything specific I can assist you with in connecting to our customer service team.",Low
BLM,I am trying to check what shipping methods are available,Delivery,Delivery Options,"I'll get right on it! I'd be more than happy to assist you in exploring the variety of shipping methods we offer. Here are the available options:

1. Standard Shipping: This option typically takes {{Date Range}} business days for delivery and is perfect if you aren't in a rush.
2. Expedited Shipping: If you need your items a bit faster, this method will get them to you in {{Date Range}} business days.
3. Overnight Shipping: For urgent needs, we offer overnight shipping, ensuring you receive your items on the next business day.
4. In-Store Pickup: If you prefer, you can also opt for in-store pickup at one of our {{Store Location}} for added convenience.

Feel free to choose the method that aligns best with your preferences and schedule. If you have any further questions or need assistance with your decision-making process, I'm here to help!",Medium
BILMQ,where do i notify of a problem with online payments,Payment,Payment Issue,"We appreciate you bringing the problem you're experiencing with your online payments to our attention. To ensure that your concern is promptly addressed, I recommend reaching out to our dedicated customer support team. Our knowledgeable representatives will guide you through the resolution process and provide the necessary assistance. You can contact them via our website's live chat feature or by calling our customer support hotline at {{Customer Support Phone Number}}. Rest assured, we're here to support you every step of the way and resolve any issues you may be facing with your online payments.",High
BIL,where can I check your reimbursement policy?,Refund,Check Refund Policy,"Absolutely! I completely understand your need to locate our reimbursement policy. You can find detailed information about our reimbursement policy on our official website. Simply navigate to the ""Terms and Conditions"" or ""Refund Policy"" section, which is usually located at the bottom of the homepage. There, you will find comprehensive details on our reimbursement procedures, eligibility criteria, and any specific requirements. If you need further assistance or have any specific questions, feel free to reach out to our customer support team. They are available {{Customer Support Hours}} at {{Customer Support Phone Number}} or through the Live Chat on our website at {{Website URL}}. We strive to provide transparent and accessible information to our valued customers. Let us know if there's anything else we can help you with!",High
BCIL,"I need to file a customer claim, how do I do it?",Feedback,Complaint,"I apologize for any inconvenience you've experienced and understand your need to file a customer claim. To initiate the process, please direct your concern to our dedicated customer support team at {{Customer Support Phone Number}} or through the Live Chat on our website at {{Website URL}}. They will guide you through the necessary steps and gather any required information to ensure a smooth claim process. Your feedback is highly valued, and we are committed to addressing your concerns promptly.",Low
BCL,"I lost the bill #12588, mail it to me",Invoice,Get Invoice,"I comprehend your concern about the lost bill with the number #{{Invoice Number}}. Unfortunately, as a AI ChatBot, I don't have access to your personal information or the authority to send emails. However, you can reach out to our customer support team at {{Customer Support Phone Number}} or via email at {{Customer Support Email}}. They will be able to assist you in retrieving and sending your bill. Let me know if there is anything else I can help you with!",Low
BILMZ,where can I iinform of errors with online payment?,Payment,Payment Issue,"We've received your message to us regarding the errors you are experiencing with your online payment. We understand the importance of resolving this matter for you. To report these errors, you can contact our dedicated Customer Support team through our website's Live Chat feature or by calling our Customer Support hotline. They will be able to assist you further and guide you through the necessary steps to address the issue. Rest assured, we are committed to providing you with the support you need to resolve this payment error promptly.",High
BCL,"I want to cancel my company newsletter subscription, help me",Subscription,Newsletter Subscription,"I'm on the same page, your request to cancel your company newsletter subscription. It seems that you no longer wish to receive updates and news about our company, and that's completely fine. Your preferences matter to us, and we want to ensure that you have a positive experience with our communication. To proceed with the cancellation, I kindly ask you to provide me with your company name and the email address associated with the subscription. Once I have this information, I will promptly process the cancellation request and make sure you no longer receive any further newsletters from us. Thank you for reaching out, and I appreciate your understanding in this matter.",Low
BLW,I need help to call damn customer support,Contact,Contact Customer Service,"I hear you! I'm following you that you're looking for assistance in calling our customer support. We apologize for any frustration you may have experienced. Rest assured, we are here to help you. To call our customer support, please dial our {{Customer Support Phone Number}}. Our dedicated team is ready to assist you with any concerns or inquiries you may have. Feel free to reach out to us, and we'll be more than happy to provide the support you need.",Low
BLQ,need help notifying of an error with payment,Payment,Payment Issue,"I want to assure you that we're here to assist you in notifying us about the error you encountered with your payment. Your feedback is incredibly valuable, and we appreciate you bringing this to our attention. To better understand the issue, could you please provide some more details about the error? Any additional information you can provide will help us investigate and resolve the problem as quickly as possible. Thank you for your patience and cooperation.",High
BL,assistance retrieving the access key of my user account,Account,Recover Password,"Indeed! I'm here to assist you with retrieving the access key for your user account. 

To retrieve your access key, please follow these steps:

1. Please visit our website at {{Website URL}} and navigate to the login page.
2. On the login page, look for the option or link that says ""Forgot Access Key"" or something similar. Click on it.
3. You may be asked to provide some information to verify your identity. Please provide the required information accurately.
4. Once your identity is verified, the access key for your user account will be sent to your registered email address.
5. If you don't receive the access key email, please check your spam or junk folder as it may have been filtered there.
6. If you still can't find the access key email, please reach out to our customer support team at {{Customer Support Phone Number}} or through our live chat on the website. They will assist you in retrieving your access key.

I hope this helps! If you have any further questions or need additional assistance, please don't hesitate to let me know. Your satisfaction is our top priority!",High
BILM,where to download my bills from {{Person Name}}?,Invoice,Get Invoice,"Unquestionably! I completely understand your need for assistance in locating the download location for your bills from {{Person Name}}. Allow me a moment to find the specific details for you. Once I have the information, I'll provide you with the exact steps on where and how to download your bills. Thank you for your patience, and I'll be right back with you shortly!",Low
BL,I try to lodge a consumer claim against your company,Feedback,Complaint,"I genuinely regret to hear that you're facing difficulties and are seeking to lodge a consumer claim against our company. Rest assured, we take your concerns very seriously and want to address them promptly. To ensure the process goes smoothly, it would be immensely helpful if you could provide me with the specific details of your claim, such as the nature of your complaint and any relevant documentation or evidence you may have. With this information, we can thoroughly investigate the matter and work towards a resolution that meets your expectations. Thank you for bringing this to our attention, and please know that your feedback plays a vital role in improving our services.",Low
BL,I need assistance talking to a live agent,Contact,Contact Human Agent,"Thank you for reaching out! I completely understand that you require assistance from a live agent. It's important for us to provide support in real-time. Rest assured, I'm here to help you connect with one of our dedicated representatives who will be able to assist you further. Please bear with me momentarily while I arrange for your transfer. Your experience is our priority, and we appreciate your patience during this process.",Low
BLMQ,need help checking what shipping options are available,Delivery,Delivery Options,"Delighted to assist you in exploring the available shipping options! Here's a breakdown of our shipping methods:

1. Standard Shipping: Arrives within {{Date Range}} business days, perfect for non-urgent items.
2. Expedited Shipping: Faster delivery, reaching you in {{Date Range}} business days.
3. Overnight Shipping: For urgent needs, ensuring next business day delivery.
4. In-Store Pickup: Ideal if you're near our {{Store Location}} and prefer personal collection.

These options offer convenience and flexibility to cater to your specific needs. Do any of these shipping methods stand out to you? Please feel free to ask if you have any more questions or require further assistance. We're here to make your shopping experience exceptional!",Medium
BL,I have a problem submitting a different delivery address,Shipping,Set Up Shipping Address,"I'm sorry to hear that you're experiencing difficulty submitting a different delivery address. I'm here to assist you in resolving this issue. Allow me to guide you through the process step by step:

1. Begin by logging in to your account.
2. Navigate to the ""My Account"" or ""Profile"" section.
3. Look for the ""Shipping Addresses"" or similar option.
4. Select the option to ""Submit a New Address"" or ""Add New Address"".
5. Provide the details of your different delivery address in the respective fields.
6. Double-check the information for accuracy and completeness.
7. Click on the ""Submit"" or ""Save"" button to save the changes.

If you encounter any specific error messages or face any difficulties throughout the process, please let me know. I'm here to assist you further and ensure that your different delivery address is submitted successfully.",Medium
BLMQ,want help solving issues with online payment,Payment,Payment Issue,"We understand that encountering issues with online payments can be frustrating. Rest assured, we are here to help you resolve any problems you're facing. To better understand the specific issues you're experiencing, could you please provide more details about the errors or difficulties you're encountering during the online payment process? By sharing this information, you enable us to provide you with the most accurate and effective assistance. Thank you for reaching out to us, and we look forward to assisting you in resolving these online payment issues.",High
BLM,I don't know what I have to do to report payment problems,Payment,Payment Issue,"I realized you're unsure of the steps involved in reporting payment problems. Rest assured, I'm here to guide you through the process. To report payment problems, you can reach out to our customer support team through various channels such as phone, email, or live chat. They will provide you with the necessary assistance and gather all the relevant information to address your concerns promptly. Remember, we value your feedback and want to ensure that any payment issues you encounter are resolved efficiently. Thank you for bringing this to our attention, and we appreciate your patience while we work together to resolve the problem.",High
BL,I have to see the options for shipping,Delivery,Delivery Options,"I'll take care of it! I can assist you with that. Let's explore the available shipping options to suit your needs:

1. Standard Shipping: This option typically takes {{Date Range}} business days to deliver your items. It is ideal for non-urgent orders and comes at a moderate cost.
2. Expedited Shipping: If you need your items a bit quicker, expedited shipping can deliver them to you in {{Date Range}} business days.
3. Overnight Shipping: For urgent needs, we offer overnight shipping which ensures delivery to your doorstep by the next business day.
4. In-Store Pickup: If you prefer to pick up your items personally, you can choose our in-store pickup option available at {{Store Location}}.

Each shipping option has its own benefits, and the specific timeframe may vary based on factors such as location and item availability. If you have any specific concerns or additional questions, feel free to let me know. I'm here to ensure a seamless and satisfying shipping experience for you!",Medium
BLM,I am trying to notify of issues with registrations,Account,Registration Problems,"Thank you for taking the time to notify us of the issues you are experiencing with registrations. We understand how frustrating it can be when you encounter problems during the registration process. Your feedback is highly valuable to us as it allows us to identify the areas that need improvement and provide a better user experience for everyone. To ensure we address your concerns properly, could you please provide some specific details about the issues you encountered? This will enable us to investigate the matter thoroughly and work towards a prompt resolution. We appreciate your patience and cooperation in helping us improve our registration process.",High
BIL,where can I change to the {{Account Type}} account?,Account,Switch Account,"Unquestionably! I'll guide you through the process of switching to the Free account. Here are the steps you need to follow:

1. Sign In: Log in to our platform using your credentials.
2. Account Settings: Once logged in, navigate to your account settings or profile section.
3. Upgrade Option: Look for an option that says ""Switch Account Type"" or ""Upgrade"".
4. Select Free Account: Choose the option that aligns with the Free account.
5. Confirm: Follow the on-screen prompts to confirm your switch to the Free account.

If you have any difficulties or further questions, please don't hesitate to reach out. I'm here to help ensure a smooth transition for you. Enjoy the benefits of our Free account!",High
BIL,how can I switch an item of order {{Order Number}}?,Order,Change Order,"We understand that you are looking to switch an item in your order with the number {{Order Number}}. Our team is here to assist you with this request. In order to provide you with the most accurate solution, could you please provide us with the details of the item you would like to switch and the item you would like to replace it with? Once we have this information, we will be able to guide you through the process and ensure that your order is updated according to your preferences. Your satisfaction is our top priority, and we are committed to making this process as seamless as possible for you. We appreciate your patience and cooperation as we work towards resolving this issue.",Low
BL,I try to see at what time I can reach customer support,Contact,Contact Customer Service,"Your reach-out is appreciated! I'm sensing that you are trying to determine the best time to reach our customer support team. Our customer support hours are from {{Customer Support Hours}}. During this time, our team is available to assist you with any questions or concerns you may have. If you need further assistance, please feel free to let me know.",Low
BKM,report registration issues,Account,Registration Problems,"We appreciate you bringing the registration issues to our attention. Your proactive approach in reporting them is commendable, as it helps us identify and address any barriers that may hinder a seamless registration process for our users. To resolve this matter, could you kindly provide more details about the specific issues you encountered during your registration? This will enable us to investigate and find a suitable solution in a timely manner. Rest assured, we value your feedback as it drives our continuous improvement efforts. Thank you for your cooperation.",High
BLQ,want help talking with customer support,Contact,Contact Customer Service,I'm here to assist you in connecting with our customer support team. Is there a specific issue or query you would like help with? Please provide me with more details so that I can guide you in the right direction and ensure a smooth conversation with our customer support representatives.,Low
BLM,I have to look for the bills from {{Person Name}},Invoice,Check Invoice,"Certainly! I understand that you need assistance in locating the bills associated with {{Client First Name}} {{Client Last Name}}. To better assist you, could you provide me with any additional details such as a specific date range or any relevant invoice numbers? Your cooperation will enable me to find the most accurate information for you. Rest assured, I'm here to help you every step of the way.",Low
BL,I am trying to see how long refunds usually take,Refund,Check Refund Policy,"I've taken note that you would like to know how long refunds usually take. The duration of the refund process can vary depending on several factors, such as the payment method used, the specific refund policy of the product or service, and the processing time of the financial institutions involved.

In general, refunds can take up to a few business days to be processed, but it's important to note that this timeframe is not set in stone and can vary. Some refunds might be processed almost instantly, while others may take longer due to additional verification procedures or other complexities.

To get a more accurate estimate of the refund processing time for your specific case, I would recommend reaching out to our customer support team directly. They will be able to access your account details and provide you with the most up-to-date information regarding your refund.

Please feel free to provide me with any further details or questions you may have regarding refunds or any related concerns. I'm here to assist you at every step of the way.",High
BCELMQVZ,i have paid {{Currency Symbol}}{{Refund Amount}} for these order help me receiving a refund,Refund,Get Refund,"Thank you for bringing this issue to my attention. I can understand that you have paid ${{Refund Amount}} for this order and are seeking assistance in receiving a refund. Rest assured, I'm here to help you navigate the refund process and ensure a satisfactory resolution. To begin, could you please provide some additional details about your order, such as the order number or any relevant transaction information? This will allow me to locate your order and provide you with the most accurate and efficient support in getting your refund.",High
BIL,how do I list the allowed payment options?,Payment,Check Payment Methods,"I'm delighted that you're interested in knowing our accepted payment options! Allow me to guide you through the process of listing them:

1. Visit our website and navigate to the payment methods page.
2. On the payment methods page, you will find a detailed list of our accepted payment options.
3. Each method will be accompanied by a brief description, outlining the benefits and features of using that particular payment method.
4. Take your time to review each option and consider which one best suits your needs.
5. If you have any questions or need further assistance, don't hesitate to reach out to our customer support team.
6. They are available [Customer Support Hours] at [Customer Support Phone Number] or through the Live Chat on our website at [Company Website URL].

I hope this helps you in finding the information you need. Please let me know if there's anything else I can assist you with!""",High
BELQ,i do not know what to do to notify of a sign-up issue,Account,Registration Problems,"We understand that you're unsure of how to notify us about the sign-up issue you're currently facing. Don't worry, we're here to guide you through the process. To notify us, you can reach out to our customer support team via our website or app. They will be more than happy to assist you and ensure that your sign-up issue is appropriately addressed. Simply provide them with the details of the problem you're encountering, and they will take it from there. Your feedback is extremely valuable to us, as it helps us improve our service and provide a better experience for all our users. Thank you for bringing this to our attention.",High
BILQ,what do i need to do to change to the gold account,Account,Switch Account,"To make the transition to our esteemed {{Account Type}} account, let me guide you through the steps:

1. Access Your Account: Begin by logging in to our platform.
2. Account Settings: Once inside, locate the '{{Settings}}' or '{{Profile}}' section.
3. Upgrade Option: Look for an option labeled '{{Upgrade Account}}' or '{{Account Change}}' within these sections.
4. Select {{Account Type}}: Choose the '{{Account Type}}' option from the available choices.
5. Finalize the Switch: Follow the on-screen prompts to complete the transition.

If you encounter any hurdles or have further inquiries, feel free to reach out. We value your decision to upgrade, and I'm here to ensure a smooth and rewarding experience. Enjoy the exclusive benefits that come with the {{Account Type}} account!",High
BL,I need to speak to someone,Contact,Contact Human Agent,"Happy to hear from you! I truly understand that you need to speak to someone for assistance. Our team of dedicated human agents is here to help you. To expedite the process, could you please provide some more details about the specific issue or question you have? This will enable us to connect you with the most suitable representative who can provide the best support. Your satisfaction is our priority, and we're committed to resolving your concerns. While we gather the necessary information, please bear with us for a moment.",Low
BL,help chatting with an operator,Contact,Contact Human Agent,Your input is valuable! I'm picking up that you need assistance with chatting with an operator. Please allow me a moment to connect you with one of our live chat operators who will be able to help you further. Stay with me for a moment.,Low
BILM,is it possible to see what delivery options I have?,Delivery,Delivery Options,"I'll make it happen! I understand the importance of knowing your delivery options before making a purchase. Let me guide you through our available choices:

1. Standard Shipping: This option typically takes {{Date Range}} business days to arrive. It's perfect for non-urgent items.
2. Expedited Shipping: If you need your items more quickly, expedited shipping will get them to you in {{Date Range}} business days.
3. Overnight Shipping: For urgent needs, we offer overnight shipping, ensuring delivery the next business day.
4. In-Store Pickup: If you prefer a hands-on approach, you can choose in-store pickup at one of our {{Store Location}}.

Keep in mind that delivery times may vary based on factors like location and stock availability. If you have any specific concerns or need further assistance, feel free to ask. I'm here to help you make an informed decision and ensure a smooth delivery experience!",Medium
BLMQZ,want help deleting several articles from  purchase {{Order Number}},Order,Change Order,"We understand that you would like assistance with deleting several articles from your purchase with the order number #{{Order Number}}. Rest assured, we're here to help you with that. To proceed with the deletion, please provide us with the specific articles you would like to remove from your purchase. Your satisfaction is our priority, and we want to ensure that your order meets your expectations. Thank you for reaching out to us!",Low
BLQZ,I need to reocver my pass,Account,Recover Password,"No worries! I completely understand that you're in need of recovering your password. Let's get this resolved together. 

To recover your password, please follow these steps:

1. Visit the login page of our platform.
2. Look for the option that says ""Forgot Password"" and click on it.
3. You'll be prompted to enter the email address associated with your account.
4. Once you've entered your email, a password reset link will be sent to your inbox.
5. Check your email, including your spam or junk folder, for the password reset email. Sometimes it might take a few minutes to arrive.
6. Open the email and click on the password reset link provided.
7. Follow the instructions on the reset page to create a new password for your account.

If you encounter any difficulties during this process, feel free to reach out to me. I'm here to assist you every step of the way!",High
BILM,can you help me to earn some of your product?,Order,Place Order,"Thank you for your interest in earning some of our products! While our primary focus is on selling our items, we do have various programs and promotions that can provide opportunities for customers to earn products. Could you please provide me with more details on the specific product or program you are interested in? This will allow me to assist you better and guide you towards the most suitable options for earning our products.",Low
BCL,"I want to leave some feedback for a product, I need help",Feedback,Review,Thank you for your interest in leaving feedback for our product. I'm here to assist you with that. Could you please provide me with the specific details of your experience and any concerns or suggestions you have? Your input is invaluable to us as it helps us improve our products and services. Let me know how I can help you further in submitting your feedback.,Low
BLQ,i want assistance to enter a new delivery address,Shipping,Set Up Shipping Address,"I'm here to provide you with the assistance you need to enter a new delivery address. Together, we'll make sure the process is seamless and straightforward. Please follow these steps:

1. Log in to your account.
2. Navigate to the 'My Account' or 'Profile' section.
3. Look for the 'Shipping Addresses' or similar option.
4. Click on 'Add a New Address' or 'Edit Shipping Addresses'.
5. Fill in the required fields with the details of your new delivery address, such as street name, apartment number, city, state, and zip code.
6. Double-check that all the information is accurate and complete.
7. Save the changes.

If you encounter any issues or have any further questions during this process, please feel free to let me know. Your satisfaction is my priority, and I'm here to support you every step of the way.",Medium
BQ,want help to switch to the {{Account Type}} account,Account,Switch Account,"Definitely! I appreciate your desire to switch to our {{Account Type}} account and take advantage of its enhanced features and benefits:

1. **Access Your Account:** Start by logging in to our platform using your credentials.
2. **Profile Settings:** Once you're logged in, navigate to your account's settings or profile section.
3. **Upgrade Option:** Within these settings, look for an option that says ""Upgrade"" or ""Switch Account Type"".
4. **Select {{Account Type}} Account:** Choose the ""{{Account Type}} Account"" option from the available list.
5. **Confirmation and Final Steps:** Follow the on-screen instructions to confirm your selection and complete the switch to the {{Account Type}} account.

If you encounter any difficulties or have additional questions during the process, feel free to reach out to me for assistance. Your decision to upgrade to the {{Account Type}} account is greatly appreciated, and I'm here to ensure a smooth transition. Enjoy the premium benefits and features that come with your new {{Account Type}} account!",High
BLQZ,need assistance withcanceling purchase {{Order Number}},Order,Cancel Order,"I've understood that you require assistance with canceling your purchase. I apologize for any inconvenience caused. Let's work together to resolve this:

1. Sign in to Your Account: Please log in to your {{Online Company Portal Info}} using your credentials.
2. Access Your Order History: Once logged in, navigate to the '{{Online Order Interaction}}' or '{{Online Order Interaction}}' section on the website.
3. Locate Your Purchase: Look for the purchase associated with the order number {{Order Number}} in the order history.
4. Initiate Cancellation: There should be an option next to the purchase labeled '{{Online Order Interaction}}'. Please click on it to initiate the cancellation process.
5. Follow Any Additional Steps: Depending on the system, there might be additional questions or prompts for cancellation confirmation. Kindly complete these steps as instructed.

If you encounter any difficulties or have further questions, our dedicated team is available to assist you. Contact us during {{Customer Support Hours}} at {{Customer Support Phone Number}} or use the Live Chat feature on our {{Website URL}}. Your satisfaction is our priority, and we are committed to resolving this for you.",Low
BILM,where can I acquire some products?,Order,Place Order,"Thank you for your interest in acquiring our products! I'm here to assist you in finding the best place to make your purchase. We have our official website where you can browse and order our products directly. Additionally, you can also check if there are any authorized retailers or physical stores near your location where you can find our products. If you provide me with your location, I can help you find the closest place to acquire the products you're interested in.",Low
BLQ,i need help seeing ur payment methods,Payment,Check Payment Methods,"Of course! I'm here to assist you in exploring our payment options. Our company offers a variety of secure and convenient payment methods to cater to your preferences. Here is a comprehensive list of our available payment methods:

- Credit/Debit Card: We accept major cards like Visa, Mastercard, and American Express.
- PayPal: A widely recognized and trusted online payment platform.
- Bank Transfer: You can make direct payments from your bank account.
- Apple Pay: A convenient payment method for Apple users.
- Google Pay: Google's payment system for seamless transactions.

If you have any questions about any of these methods or need further assistance, please feel free to ask. We are here to ensure a smooth and satisfactory payment experience for you.",High
BLMQ,want help asking for reimbursements,Refund,Get Refund,"I've realized you're looking for assistance in asking for reimbursements. It can be frustrating when you need to request repayment, but I'm here to support you every step of the way. To ensure I address your concerns accurately, could you please provide me with more details about the situation? This information will help me guide you through the process and provide you with the most suitable advice to successfully request your reimbursements. Thank you for reaching out to us, and rest assured, I'll do my best to assist you in resolving this matter.",High
BCL,"I have to see in what cases can I request refunds, help me",Refund,Check Refund Policy,"I'm on it! I completely understand your need to gain clarity on the situations in which you can request refunds. Let me provide you with the information you seek.

1. **Product/Service Defect:** If you receive a product or service that is defective or doesn't meet the specified description, you are usually eligible for a refund.
2. **Cancellation within Grace Period:** If you change your mind and decide to cancel your purchase within the specified grace period, you can typically request a refund.
3. **Unauthorized Charges:** If you notice any unfamiliar or unauthorized charges on your account, please inform us immediately so we can help you investigate and potentially issue a refund.
4. **Event Cancellation:** In the event that a scheduled event is canceled, especially if there is no rescheduled date, you may be eligible for a refund.
5. **Duplicate Charges:** If you notice multiple charges for the same item on your statement, please notify us promptly, and we'll be happy to assist you in resolving the issue and processing a refund if applicable.
6. **Non-receipt of Goods:** If you haven't received the product you ordered within the expected timeframe, please reach out to us, as you may qualify for a refund in such cases.

Please keep in mind that specific vendors or service providers may have their own unique refund policies with additional conditions. It's always advisable to review their terms and conditions or contact them directly for a comprehensive understanding of their refund guidelines.

If you have any specific concerns or questions about a particular order or situation, please provide me with the necessary details, such as the order number or any other relevant information, and I'll be more than happy to assist you further. Your satisfaction is our top priority!

Is there anything else I can help you with?",High
BCL,"I want to locate my bill #85632, I need help",Invoice,Check Invoice,"I understand your need to locate your bill with the number #{{Invoice Number}}. Rest assured, I'm here to assist you in finding the information you're looking for. Could you please provide me with any additional details or specific instructions on how you've been trying to locate the bill so far? This will help me provide you with the most accurate and efficient assistance possible.",Low
BILQZ,can uhelp me seethe ETA of order {{Order Number}},Order,Track Order,"I appreciate your inquiry! To check the estimated time of arrival (ETA) for your order with the number {{Order Number}}, you can visit the '{{Order Number}}' section on our website. In that section, you will find all the relevant information regarding your order, including the ETA. If you have any other questions or if you need further assistance, please don't hesitate to let me know. It's my priority to ensure that you have a seamless experience!",Low
BILP,could you show me in which cases can I ask for a refund?,Refund,Check Refund Policy,"I'll make it happen! I completely understand your need to gain clarity on the situations in which you can request a refund. Let me provide you with a breakdown of the common scenarios:

1. **Product/Service Defect:** If the item or service you purchased has a defect or does not match the description, you are typically eligible for a refund.

2. **Cancellation within Grace Period:** If you decide to cancel your purchase within the specified grace period, you should be able to receive a refund.

3. **Unauthorized Charges:** If there are any charges on your account that you did not authorize or recognize, we will investigate and assist you in resolving the issue.

4. **Event Cancellation:** If an event you purchased tickets for gets canceled and not rescheduled, you would normally be eligible for a refund.

5. **Duplicate Charges:** If you notice that you have been charged multiple times for the same item, please reach out to us so that we can rectify the situation promptly.

6. **Non-receipt of Goods:** If you have not received the product you ordered within the expected timeframe, you may qualify for a refund.

It's important to note that refund policies may vary depending on the vendor or service provider. It is always recommended to consult directly with them or review their terms and conditions for more specific information. If you have any specific orders or concerns, please provide me with the relevant details so that I can assist you further.

I hope this helps clarify the situations in which you can request a refund. If you have any more questions or need further assistance, please feel free to ask.",High
BL,I don't know what to do to cancel purchase {{Order Number}},Order,Cancel Order,"I hear you loud and clear your uncertainty about canceling your purchase with the order number {{Order Number}}. Let me guide you through the process step by step:

1. Sign into Your Account: Begin by logging in to your {{Online Company Portal Info}} using your credentials.
2. Locate Your Order: Once logged in, navigate to the '{{Online Order Interaction}}' or '{{Online Order Interaction}}' section in your account.
3. Identify the Purchase: Look for the order number {{Order Number}} in the list of orders and click on it.
4. Initiate the Cancellation: Within the order details, you should find the option to '{{Online Order Interaction}}' associated with your purchase. Please select it.
5. Follow Any Further Steps: The system may prompt you with additional instructions to complete the cancellation process. Please follow them carefully.

Should you encounter any difficulties or have more questions along the way, our dedicated team is available to assist you. Feel free to reach out during {{Customer Support Hours}} by calling {{Customer Support Phone Number}} or using the Live Chat feature on our {{Website URL}}. Your satisfaction is our priority, and we're here to ensure a seamless experience.",Low
BCEIL,"I never use my premium account, can I cancel it?",Account,Delete Account,"Thank you for reaching out about canceling your premium account. We understand that you no longer find it useful and we appreciate your honesty. We are here to assist you with the cancellation process. Could you please provide us with your account details, such as your username or email address, so that we can locate your account and proceed with the cancellation? Rest assured that we will make this process as smooth and convenient as possible for you.",High
BLMQ,i want assistance seeing the withdrawal penalties,Cancel,Check Cancellation Fee,I'm on it! I can assist you in reviewing the withdrawal penalties. Please provide me with your account details so that I can access the necessary information.,Low
BILQZ,can ya help me to leave a review about a esrvice,Feedback,Review,I'll get right on it! I would be more than happy to assist you in leaving a review for our service. Your feedback is incredibly valuable to us as it helps us understand how we are doing and what we can improve. Could you please provide me with some details about your experience with our service? This will enable me to guide you through the steps to leave a review.,Low
BLM,I have problems setting a new delivery address up,Shipping,Set Up Shipping Address,"I've realized that setting up a new delivery address can be challenging at times. Let's work together to resolve this issue. To set up a new delivery address, follow these steps:

1. Log in to your account.
2. Navigate to the 'My Account' or 'Profile' section.
3. Look for the 'Shipping Addresses' or similar option.
4. Click on 'Add a New Address' or 'Edit Shipping Addresses'.
5. Fill in the details of your new delivery address in the provided fields.
6. Save the changes.

If you're still experiencing difficulties or if the process varies for your specific account, please provide me with more information about the problems you're encountering. I'll do my best to assist you further!""",Medium
BKLM,correcting details on gold account,Account,Edit Account,"How marvelous it is to witness your dedication to correcting the details on your gold account!I'm here to provide you with the necessary guidance and support to make these corrections. Could you please let me know specifically which details you need to update? With this information, we can work together to ensure your gold account reflects the accurate and desired information.",High
BEPQZ,i do not know how i could switch tto the standard account,Account,Switch Account,"No worries at all! I'm here to guide you through the process of switching to the standard account step by step, ensuring a smooth transition:

1. Access Your Account: Begin by logging into our platform.
2. Locate the Profile Settings: Once you're signed in, navigate to your account settings or profile section.
3. Find the Account Type: Look for an option that allows you to manage or customize your account type.
4. Select {{Account Type}} Account: Within the account type options, choose the {{Account Type}} Account option.
5. Save Changes: Make sure to save any changes or updates you've made.

If you encounter any difficulties or have further questions, don't hesitate to let me know. I'm here to help make your switch to the standard account as seamless as possible, and I'm excited to see you enjoy all the benefits it brings!",High
BLQZ,i dont know what i need to do to download my inovice #00108,Invoice,Get Invoice,"I comprehend your confusion about downloading your invoice with the number #{{Invoice Number}}. Let me guide you through the process step by step. First, please log in to your account on our website. Then, navigate to the ""Billing"" or ""Invoices"" section. You should be able to locate the invoice with the number #{{Invoice Number}} listed there. Once you find it, there should be a download button or an option to save the invoice as a PDF. If you encounter any difficulties or need further assistance, please don't hesitate to let me know. I'm here to help you every step of the way!",Low
BLMQ,i want assistance earning some products,Order,Place Order,Thank you for expressing your interest in earning some products with our assistance! We are here to guide you through the process and help you make informed decisions. Could you please provide more details about the specific products you are interested in? This will allow us to offer you personalized recommendations and support you in achieving your goals. Let's work together to make your earning experience a success!,Low
B,I don't know what I need to do to check the invoice #37777,Invoice,Check Invoice,"I realized you're unsure about the steps to check the invoice with the number #{{Invoice Number}}. Don't worry, I'm here to help! To check your invoice, you can simply log into your account on our website and navigate to the ""Billing"" or ""Invoices"" section. There, you should find a list of all your invoices, including the one numbered #{{Invoice Number}}. If you're unable to locate it or encounter any issues, please let me know, and I'll be glad to provide further assistance.",Low
BKL,available payment modalities,Payment,Check Payment Methods,"Positively! I'm thrilled to share the details of our available payment modalities with you. Here is a comprehensive list:

- **Credit/Debit Card:** We accept major cards like Visa, Mastercard, and American Express, providing a convenient and secure payment method.
- **PayPal:** A globally recognized online payment system that ensures smooth and hassle-free transactions.
- **Bank Transfer:** Opt for direct payments from your bank account, offering a secure and reliable way to handle transactions.
- **Mobile Wallets:** Our platform seamlessly integrates with popular mobile payment providers like Apple Pay and Google Pay for quick and contactless transactions.

Remember, if you have any questions or need further assistance regarding any of our payment modalities, please don't hesitate to reach out. We're here to make your experience as convenient and secure as possible.",High
BIL,do you have a free number to talk with customer service?,Contact,Contact Customer Service,"Thank you for reaching out! I completely understand your need to connect with our customer service team. To ensure the highest level of support, we do offer a toll-free number for you to talk directly with our friendly and knowledgeable representatives. You can reach us at {{Customer Support Phone Number}}. We are here to assist you and address any questions or concerns you may have. How else can I be of help to you today?",Low
BLQ,i need help to check bill #12588,Invoice,Check Invoice,"I grasp your need for assistance in checking the bill with number {{Invoice Number}}. Rest assured, I'm here to help you with that. Could you please provide me with some more details, such as the date range or any other relevant information related to the bill? This will enable me to locate the bill for you more efficiently and accurately.",Low
BQZ,need help ot check in what cases can I ask for refunds,Refund,Check Refund Policy,"For sure! I understand your desire to have a clear understanding of the situations in which you can request a refund. Allow me to assist you with that.

Here are some common scenarios where you might be eligible for a refund:

1. **Product/Service Defect:** If the product or service you received has a defect or doesn't meet the described specifications, you can typically request a refund.

2. **Cancellation within Grace Period:** If you change your mind about a purchase and cancel it within the specified grace period, you should be eligible for a refund.

3. **Unauthorized Charges:** If you notice any charges on your account that you didn't authorize or recognize, please let us know so we can investigate and assist you with a refund if necessary.

4. **Event Cancellation:** If you've purchased tickets for an event that gets canceled without any rescheduled date, you usually have the right to request a refund.

5. **Duplicate Charges:** In the event of accidental duplicate charges for the same item, we apologize for the inconvenience caused. Reach out to us, and we'll rectify the situation promptly.

6. **Non-receipt of Goods:** If you haven't received the ordered product within the expected timeframe, please inform us, as you may be eligible for a refund in such cases.

It's important to note that specific vendors or service providers may have their own refund policies, which could vary slightly. To obtain comprehensive information about the refund policies associated with a specific vendor, I recommend reviewing their terms and conditions or reaching out to their customer support directly.

If you have any specific orders or concerns regarding refunds, please provide me with the necessary details, such as the order number or any other relevant information, and I'll be more than happy to delve deeper into the matter for you.

I hope this clarifies the situations in which you can request a refund. If there's anything else I can assist you with, please don't hesitate to let me know.",High
BL,I try to close my premium account,Account,Delete Account,"I catch on to the fact that you're attempting to close your premium account, and I apologize for any inconvenience you may be experiencing. Let's work together to assist you with this process. Could you please provide me with more details about the issue you're facing or the steps you've taken so far? This will allow me to provide you with the most accurate guidance and ensure a smooth account closure experience for you.",High
BLMQ,wanna order a few of ur article,Order,Place Order,"Thank you for your interest in ordering a few of our articles! We appreciate your enthusiasm and are here to assist you every step of the way. To ensure a smooth and delightful experience, could you please provide us with the specific details of the articles you wish to order? Once we have the necessary information, we can guide you further and make the process effortless for you.",Low
BILMQ,how can i see what shipment methods i have,Delivery,Delivery Options,"Unquestionably! To discover the available shipment methods, simply follow these quick steps:

1. Visit our website at [Company Website URL].
2. Navigate to the ""Shipping"" or ""Delivery"" section of our website.
3. Here, you will find a comprehensive list of all the shipment methods we offer, along with their descriptions, estimated delivery times, and any additional details you may need.

If you have any further questions or need assistance with navigating our website, our customer support team is available to help you. Just reach out to them through the Live Chat feature on our website or give them a call at [Customer Support Phone Number]. They will be more than happy to guide you through the process and provide you with all the information you need.

Remember, we are here to ensure that your shipping experience is smooth and convenient. Feel free to reach out if you have any other queries or if there is anything else we can assist you with.",Medium
BEL,I do not know what I need to do to download my bill #37777,Invoice,Get Invoice,"No problem at all! I completely understand your uncertainty about how to download your bill with the number #{{Invoice Number}}. Let me guide you through the process step by step. First, please log in to your account on our website. Once you're logged in, navigate to the ""Billing"" or ""Invoices"" section. In that section, you should see a list of your invoices, including the one with the number #{{Invoice Number}}. Look for a download or save option next to the invoice, and click on it to start the download. If you encounter any difficulties or have further questions along the way, feel free to let me know. I'm here to assist you throughout the whole process.",Low
BL,I don't know what I have to do to call customer service,Contact,Contact Customer Service,"It's great to hear from you! I can see that you're unsure about the process to call our customer service team. To reach our dedicated customer service representatives, you can dial {{Customer Support Phone Number}} during our customer support hours, which are {{Customer Support Hours}}. They will be more than happy to assist you with any queries or concerns you may have. If you prefer an alternative method, you can also connect with us through the Live Chat on our website at {{Website URL}}. Don't hesitate to ask if you have any other questions or require further assistance. We're here to help you!",Low
BL,help seeing in what cases can I ask for reimbursements,Refund,Check Refund Policy,"Definitely! I understand your desire to have a clear understanding of the situations in which you can request reimbursements. Here are the key circumstances:

1. **Product/Service Dissatisfaction:** If you are dissatisfied with the purchased product or service, and it does not meet your expectations or fulfill its intended purpose, you may be eligible for reimbursement.
2. **Late Delivery:** In the event that your product does not arrive within the specified delivery timeframe, you may be able to request a reimbursement.
3. **Incorrectly Charged:** If you notice any incorrect charges on your account or are billed for products or services you did not purchase, you can reach out to request a reimbursement.
4. **Canceled Order:** If you decide to cancel your order before it is shipped or fulfilled, you can typically request a reimbursement.
5. **Order Not Received:** If you did not receive your order at all, you may be entitled to a reimbursement.
6. **Product/Service Defect:** Should you encounter a defect in the product or service you received, you may have grounds to request a reimbursement.

Please keep in mind that these are general situations, and specific refund policies may vary depending on the vendor or service provider. I recommend reviewing the terms and conditions or contacting the specific vendor for more detailed and accurate information regarding their reimbursement policy.

If you have any specific concerns or need assistance with a particular order, please provide me with the necessary details, such as the order number, so that I can further assist you. Your satisfaction is our priority!

Is there anything else I can assist you with?",High
BLQ,need to see at what time customer assistance available is,Contact,Contact Customer Service,"Thank you for reaching out! I completely understand that you would like to know the operating hours of our customer assistance. Our dedicated team is available to assist you during {{Customer Support Hours}}. They can provide answers to your questions and help resolve any concerns you may have. Please feel free to reach out to us during those hours, and we'll be more than happy to assist you. Is there anything else I can help you with?",Low
BIM,how can I get refunds?,Refund,Get Refund,"I've got that you're looking for guidance on how to obtain refunds, and I'm here to assist you. To initiate the refund process, it's important to follow specific steps. First, I recommend reaching out to the customer support team by {{Live Chat Support}} to explain the reason for your request and provide any necessary documentation. They will guide you through the necessary procedures and inform you about the required details, such as the refund policy, timeframes, and any additional steps you may need to take. It's important to note that the refund process may vary depending on the product or service you purchased and the refund policy of the company. By following these steps and communicating with the customer support team, you can ensure a smooth and efficient refund experience.",High
BL,tell me more about updating the delivery address,Shipping,Change Shipping Address,"Definitely! If you need to update your delivery address, you can contact our customer support team and provide them with the new address details. They will assist you in making the necessary changes to ensure your package is delivered to the correct location. Please keep in mind that the availability of address updates may vary depending on your order status and the shipping carrier used. Don't hesitate to reach out to us if you have any further questions or concerns.",Medium
BELM,I do not know how to see the withdrawal charges,Cancel,Check Cancellation Fee,"No problem, I can assist you with checking the withdrawal charges. To view the withdrawal charges, you can refer to your account statement or contact our customer service team who will be able to provide you with the relevant information.",Low
BILMQ,what do i need to do to report troubles with online payment,Payment,Payment Issue,"We appreciate your proactive approach in reaching out to report troubles with your online payment. To ensure we can address your concerns promptly and efficiently, I kindly request you to provide us with specific details regarding the issues you encountered during the payment process. Any relevant information such as error messages, transaction reference numbers, or account details would greatly assist us in investigating and resolving the problem. Our dedicated team is committed to working alongside you to find a swift resolution and ensure a seamless payment experience. Thank you for bringing this matter to our attention, and we look forward to assisting you further.",High
BL,I want support with my sign-up,Account,Registration Problems,"We understand that you are seeking support for issues you encountered during the sign-up process. We apologize for any inconvenience caused. Our team is here to assist you in resolving any problems you may have faced. To better understand your situation, could you please provide more details about the specific support you require? This will enable us to tailor our assistance to your needs and ensure a smooth sign-up experience for you. We appreciate your patience and look forward to assisting you further.",High
BCIL,"I have to talk with customer assistance, how can I do it?",Contact,Contact Customer Service,"Thanks for getting in touch! I grasp that you need to talk to our customer assistance team. We are here to assist you and provide the necessary support. To get in touch with our customer assistance, you can reach out to us through our customer service hotline at {{Customer Support Phone Number}} or send us an email at {{Customer Support Email}}. You can also visit our website at {{Website URL}}, where you can find a Live Chat option to connect with our representatives. Please let me know if there's anything else I can assist you with.",Low
BIL,can you help me to file a customer reclamation?,Feedback,Complaint,"I'm cognizant of the fact that you require assistance with filing a customer reclamation, and I'm here to guide you through the process. Your feedback is extremely valuable to us, as it helps us continuously improve our products and services. To get started, may I kindly ask you to provide me with the details of your specific concern? This will enable us to initiate the appropriate steps to address your reclamation promptly and effectively. Thank you for reaching out to us, and please know that we appreciate your patience and understanding in this matter.",Low
BLQ,need help cancelling purchase {{Order Number}},Order,Cancel Order,"I can tell that you need assistance with canceling your purchase, specifically with the order number {{Order Number}}. We appreciate your reaching out to us for help, and we're here to guide you through the process step by step.

To cancel your purchase, please follow these instructions:

1. Log in to your {{Online Company Portal Info}} using your credentials.
2. Navigate to the '{{Online Order Interaction}}' or '{{Online Order Interaction}}' section, where you can find a record of all your purchases.
3. Look for the purchase with the order number {{Order Number}} and select it to view the purchase details.
4. On the purchase details page, you should see an option labeled '{{Online Order Interaction}}'. Click on it to initiate the cancellation process.
5. Follow any additional prompts or provide feedback as required by the system to complete the cancellation.

If you encounter any obstacles during the process or have further questions, please don't hesitate to contact our dedicated customer support team. You can reach us during {{Customer Support Hours}} at {{Customer Support Phone Number}} or utilize the Live Chat feature on our {{Website URL}}.

We understand the importance of addressing your concerns promptly, and we'll do our best to ensure a smooth cancellation process for you. Your satisfaction is our top priority.",Low
BLM,I am trying to inform of errors with registrations,Account,Registration Problems,"Thank you for taking the time to inform us about the errors you encountered during the registration process. Your feedback is extremely valuable to us as it allows us to identify and address any issues promptly. Please provide us with specific details regarding the errors you experienced so that we can further investigate and find a solution. Rest assured, we are committed to ensuring a seamless registration experience for all our users, and your input is instrumental in achieving that goal.",High
BLQW,i dont know how to see ur goddamn money back guarantee,Refund,Check Refund Policy,"I apologize for any confusion or frustration you may be experiencing. Understanding our money-back guarantee is crucial, and I'm here to provide you with the information you need.

To view our money-back guarantee, you can navigate to our website and look for the ""Terms and Conditions"" or ""Refund Policy"" section. This page will outline the specific circumstances and conditions under which you may be eligible for a refund. If you have any trouble finding this information, I'd be more than happy to assist you further. Just let me know!

Remember, our goal is to ensure your satisfaction, and we want to make the refund process as transparent and seamless as possible. Feel free to reach out if you have any other questions or concerns.",High
BIL,what do I need to do to download my invoice #12588?,Invoice,Get Invoice,"I grasp your need to download the invoice with the number {{Invoice Number}}. To download your invoice, you can follow these simple steps:

1. Log in to your account on our website.
2. Navigate to the ""Billing"" or ""Invoices"" section.
3. Look for the specific invoice number {{Invoice Number}} and click on it.
4. Once the invoice opens, you should see a ""Download"" or ""Save"" button.
5. Click on that button to initiate the download of your invoice.

If you encounter any difficulties during the process, please feel free to reach out to our customer support team. We're here to assist you every step of the way.",Low
BL,I need assistance to list the allowed payment methods,Payment,Check Payment Methods,"Thank you for reaching out! I'm here to provide the information you need. Our accepted payment methods include a range of convenient options to suit your preferences. You can find a comprehensive list of our allowed payment methods on our website. Simply visit our homepage and navigate to the ""Payment Methods"" section. There, you'll discover detailed information about each payment option available, along with any specific requirements or instructions. If you have any further questions or need personalized assistance, feel free to let me know. I'm always here to help!",High
BCELM,"I cannot find the termination fees, I need assistance",Cancel,Check Cancellation Fee,Sure! I'll be glad to help you find the information regarding the termination fees for your account. Please provide me with your account details and I will check it for you.,Low
BLM,I am calling to check what delivery methods are available,Delivery,Delivery Options,"Thank you for contacting to us to inquire about the available delivery methods. I'm delighted to assist you in finding the options that best suit your needs.

To provide you with an accurate answer, could you please provide me with your location? This will allow me to give you the most relevant information regarding the delivery options available in your area.

I appreciate your patience and cooperation in providing your location. Once I have this information, I will be able to guide you through the available delivery methods.",Medium
BILW,how do I see how long it takes for my bloody item to arrive?,Delivery,Delivery Period,"We completely understand your eagerness to receive updates on the estimated delivery time for your package. To assist you better, we would require the necessary details such as the {{Tracking Number}} or {{Order Number}}. With this information, we will be able to provide you with the most accurate updates on your item's arrival. Your patience and understanding are greatly appreciated.",Medium
BIL,is there a section to leave a comment for a product?,Feedback,Review,"Thank you for expressing your interest in leaving a comment for one of our products! We have designed a dedicated section where you can provide your valuable feedback. Please visit our website and navigate to the 'Product Reviews' or 'Customer Reviews' section. There, you'll find a platform to share your thoughts, experiences, and suggestions pertaining to the product you wish to review. We highly appreciate your contribution to improving our products and look forward to hearing your insights!",Low
BCL,"I want to edit order {{Order Number}}, help me",Order,Change Order,We understand that you want to edit your order with order number {{Order Number}}. We are here to assist you with that. Could you please provide more details about the specific edits you would like to make? This will help us ensure that we address your request accurately and promptly.,Low
BL,I have a problem trying to edit my shipping address,Shipping,Change Shipping Address,"I'm sorry to hear that you're experiencing difficulties with editing your shipping address. To assist you further, could you please provide me with more details about the problem you're facing?",Medium
BLW,I want assistance seeing the damn reimbursement status,Refund,Track Refund,"I fathom that you're frustrated and seeking assistance to check the status of your reimbursement. Rest assured that I'm here to help you with that. Please provide me with your {{Order Number}} or any other relevant information so that I can promptly look into the status and provide you with accurate information. Your satisfaction is our priority, and we will do our best to resolve this for you.",High
BILQ,can uhelp me swap an item of order {{Order Number}},Order,Change Order,"We understand that you need assistance with swapping an item in order number {{Order Number}}. We're here to help you with that. Can you please provide us with more details about the item you would like to swap and the item you would like to replace it with? This way, we can ensure that we make the necessary adjustments to your order and provide you with the best possible solution. Thank you for reaching out to us with your request.",Low
BLQZ,need help to check in which case can i ask to be refunded,Refund,Check Refund Policy,"I'm on it! I completely understand your need for assistance in identifying the cases in which you can request a refund. Allow me to provide you with a comprehensive breakdown:

1. **Product/Service Defect:** In the event that the product or service you have purchased has a defect or does not meet your expectations as described, you would generally be eligible for a refund.

2. **Cancellation within Grace Period:** If you have had a change of mind and would like to cancel your purchase within the specified grace period, rest assured that you should be able to request a refund.

3. **Unauthorized Charges:** If you notice any charges on your account that you did not authorize or that seem unfamiliar, our team can investigate the matter and provide assistance in resolving it, including initiating a refund if necessary.

4. **Event Cancellation:** If you have purchased tickets for an event that has been canceled and there is no rescheduled date, you would typically be eligible for a refund.

5. **Duplicate Charges:** If you find that you have been charged multiple times for the same item, please inform us promptly so that we can rectify the situation and process a refund if required.

6. **Non-receipt of Goods:** If you have not received the product you ordered within the expected delivery timeframe, you may be entitled to a refund.

Remember that refund policies can vary depending on the vendor or service provider, so it's always a good idea to review their specific terms and conditions for a complete understanding. If you have a particular purchase or concern in mind, please provide me with the necessary details such as the order number or any other relevant information, and I will be happy to assist you further.

Please let me know if there is anything else I can help you with today.",High
BLN,I can't afford order {{Order Number}},Order,Cancel Order,"I'm fully aware that the cost of order {{Order Number}} is causing financial strain. We aim to support our customers in difficult situations. Let's explore some options together:

1. Contact Customer Support: Reach out to our dedicated customer support team during {{Customer Support Hours}} at {{Customer Support Phone Number}} or through the Live Chat on our website at {{Website URL}}. Explain your financial situation, and they will assist you in finding a suitable solution.

2. Explore Payment Plans: In some cases, we offer flexible payment plans or installment options for customers facing financial constraints. Customer support will provide you with details on the available payment arrangements.

3. Consider Order Modifications: If canceling the entire order is not possible due to our policies, explore the possibility of modifying the order. You can discuss with customer support whether downgrading the order, removing certain items, or adjusting quantities is an option.

4. Seek Third-Party Assistance: If our internal options are not feasible, consider seeking assistance from nonprofit organizations, financial support programs, or local community resources that may be able to provide assistance for your situation.

Remember, we genuinely care about our customers, and we are here to help find a solution that suits your circumstances. Reach out to us at {{Customer Support Phone Number}} or through Live Chat, and we'll strive to assist you in the best way possible.",Low
BIQ,how much would ucharge me for breaking the contract,Cancel,Check Cancellation Fee,"I'm on it! The exact amount you will be charged for terminating your contract early depends on the terms outlined in your contract agreement. It would be best to refer to that document to find the specific details regarding the cancellation fees or charges. If you have any further questions or need assistance, please don't hesitate to reach out to our customer support team.",Low
BPQ,I'd like information about changing order {{Order Number}},Order,Change Order,"Thank you for reaching out! We understand that you would like some information regarding changing order number {{Order Number}}. We're here to assist you with any modifications you would like to make. Could you please provide more details about the changes you would like to make? Whether it's adding or removing items, updating shipping information, or any other adjustments, we will do our best to accommodate your request and ensure your satisfaction. Your feedback is valuable to us, and we strive to provide the best customer experience. Let us know how we can help!",Low
BCILP,"I want to file a claim, how could I do it?",Feedback,Complaint,"I understand your need to file a claim, and I'm here to guide you through the process. To ensure a smooth and efficient experience, please provide me with some essential details about your claim, such as the nature of the issue and any supporting documentation or evidence you may have. This information will help us investigate and address your concerns promptly. Once we have all the necessary information, our dedicated team will thoroughly review your claim and work towards a resolution. Rest assured, we are committed to resolving this matter as quickly as possible. How can I assist you further with your claim?",Low
BILP,could you help me check the status of my restitution?,Refund,Track Refund,"Of course, I'm here to assist you with checking the status of your restitution. I understand how important it is for you to stay updated. To provide you with accurate information, may I kindly ask you to provide me with your refund reference or any other relevant details that you have? This will enable me to quickly locate your account and provide you with the most up-to-date information regarding the status of your restitution. Thank you for your cooperation, and I'll be waiting for your response.""",High
BCIL,"I want to see how soon can I expect the order, how to do it?",Delivery,Delivery Period,"We understand your eagerness to track the estimated delivery time of your order. To provide you with the most accurate information, could you please provide us with the {{Order Number}} or {{Tracking Number}}? With those details, we will be able to give you an exact estimate of when you can expect your order to arrive. Thank you for your cooperation in helping us serve you better!",Medium
BLMPQZ,I'd like tro check the withdrawal fees,Cancel,Check Cancellation Fee,"Unquestionably! To check the withdrawal fees, you can visit our website and go to the ""Fees and Charges"" section. There you will find detailed information about the withdrawal penalties and any associated fees. If you have any further questions, feel free to reach out to our customer service team for assistance.",Low
BCL,"I have to set my delivery address up, I need assistance",Shipping,Set Up Shipping Address,"I understood that you need assistance in setting up your delivery address. I'm here to guide you through the process and ensure a smooth experience.

To set up your delivery address, please follow these steps:

1. Log in to your account on our website/app.
2. Navigate to the ""My Account"" or ""Profile"" section.
3. Look for the ""Shipping Addresses"" or a similar option.
4. Select the option to add a new address or edit your existing address.
5. Fill in the required information for your delivery address, including the street name, number, city, state, and zip code.
6. Double-check the accuracy of the entered information to avoid any delivery issues.
7. Save your changes.

If you encounter any difficulties or have specific questions while setting up your delivery address, please don't hesitate to ask. Our support team is ready to provide further assistance and ensure a successful setup.",Medium
BLQ,i need help to edit purchase {{Order Number}},Order,Change Order,"We understand that you require assistance with editing purchase number {{Order Number}}. We apologize for any inconvenience caused and assure you that we are here to help. To get started, please provide specific details about the changes you would like to make, such as updating the item, quantity, or delivery address. By understanding your requirements, we can work together to ensure a seamless purchase experience.",Low
BLQ,i want help trying to modify my delivery address,Shipping,Change Shipping Address,"I'm on it! I'm here to assist you with modifying your delivery address. To change your address, please follow these steps:

1. Log into your account on our website.
2. Go to the ""Account"" or ""Settings"" section.
3. Look for the ""Delivery Address"" or ""Shipping Address"" option.
4. Click on it and enter the updated address information.
5. Save the changes.

If you encounter any difficulties or need further assistance, please don't hesitate to reach out to our customer support team.",Medium
BKM,reporting issues with payments,Payment,Payment Issue,"I'm glad you contacted us to us regarding reporting issues with your payments. We understand that encountering problems with payments can be frustrating, and we want to assist you in resolving them as quickly as possible. To report the issues you're facing, please provide us with more details such as the specific error messages, the payment method used, and any steps you've already taken to troubleshoot the problem. The more information you can provide, the better we can assist you in finding a solution. Rest assured, we're fully committed to addressing your concerns promptly and ensuring a seamless payment experience for you.",High
BL,give me information about changing my address,Shipping,Change Shipping Address,"Unquestionably! To change your address, you can follow these steps:

1. Log in to your account on our website.
2. Go to the ""Account"" or ""Profile"" section.
3. Look for the option to update your address or shipping information.
4. Click on it and enter the new address details.
5. Make sure to double-check all the information before saving the changes.
6. If you're unable to find the option or need further assistance, please reach out to our customer support team.

We hope this helps! Let us know if you have any other questions.",Medium
BIL,where to see the payment methods?,Payment,Check Payment Methods,"For sure! I'm delighted to assist you in locating the available payment methods. You can find them on our website, specifically on the checkout page or the payment options section. Just navigate to the payment step during the checkout process, and you'll see a list of the payment methods we accept. If you have any trouble finding it or need further guidance, please don't hesitate to let me know. I'm here to ensure a smooth and convenient experience for you.",High
BLNQ,i cant swap an item of order {{Order Number}},Order,Change Order,"I apologize for any inconvenience caused by your inability to swap an item from order number {{Order Number}}. To assist you with this matter, could you please provide me with the details of the item you wish to swap and the desired replacement? Additionally, if there are any specific reasons preventing you from carrying out the swap, kindly let me know. I'm here to help find a suitable solution to address this issue promptly and ensure your satisfaction.",Low
BIMQ,how to get the invoices from {{Person Name}},Invoice,Get Invoice,"I'm on your side your confusion about how to access the invoices from {{Salutation}} {{Client Last Name}}. Let me provide you with a step-by-step guide on how to retrieve the invoices:

1. Log in to your account on our website using your credentials.
2. Once logged in, navigate to the ""Invoices"" section.
3. In the ""Invoices"" section, you should be able to see a list of all your invoices, including the ones from {{Person Name}}.
4. To find the specific invoices from {{Person Name}}, you can use the search or filter options available. You may search by date, invoice number, or any other relevant information associated with the invoice.
5. Click on the invoice you want to access to view the details or download a copy.

If you encounter any difficulties or have further questions, feel free to let me know. I'm here to help you every step of the way.",Low
BCL,"I can't make a payment, inform of an error with payment",Payment,Payment Issue,"We understand the frustration you must be feeling when you encounter difficulties making a payment. We apologize for the inconvenience caused. To assist you further, could you please provide more details about the specific error or issue you're facing during the payment process? This information will help us identify the problem and find a prompt resolution for you. Rest assured, we are here to support you every step of the way and ensure a smooth payment experience. Thank you for bringing this to our attention.",High
BL,I want help locating order {{Order Number}},Order,Track Order,"Honored to assist! I'm clued in that you need assistance with locating the order with order number {{Order Number}}. I'm here to help you with that. To locate your order, you can check the '{{Online Order Interaction}}' section on our website. If you have any further questions or need additional support, please feel free to let me know.",Low
BLM,I need to swap some items of purchase {{Order Number}},Order,Change Order,"We understand that you need to swap some items for purchase number #{{Order Number}}. We apologize for any inconvenience caused by the need for this change. To proceed with the swap, please provide us with specific details about the items you would like to replace and the items you would like to replace them with. This will help us ensure that the swap is processed accurately and efficiently. Additionally, if there are any specific reasons for the swap or any preferences you have regarding the replacement items, please let us know. We are here to assist you throughout the process and make sure that your new items meet your expectations.",Low
BL,I don't know how I can change to the gold account,Account,Switch Account,"I'll take care of it! I'm here to help you navigate the transition to our esteemed {{Account Type}} account seamlessly, allowing you to bask in its exclusive benefits:

1. Sign In: Begin by logging into our platform using your existing credentials.
2. Account Settings: Once logged in, locate and click on the '{{Settings}}' or '{{Profile}}' section.
3. Upgrade Option: Within this section, keep an eye out for an option labeled '{{Upgrade Account}}' or '{{Account Change}}'.
4. Select {{Account Type}}: Among the available account types, choose the enticing '{{Account Type}}' option.
5. Confirm and Finalize: Follow the on-screen instructions to confirm and finalize your transition to the {{Account Type}} account.

Should you encounter any challenges or have further inquiries along the way, please don't hesitate to reach out to me. I'm committed to ensuring your smooth journey to enjoying the remarkable privileges of our {{Account Type}} account. Let the golden journey begin!",High
BKL,contact person,Contact,Contact Human Agent,"We're all ears! I'm tuned into the idea that you would like to get in touch with a specific person. To better assist you, could you please provide me with the name or any other details of the person you would like to contact? Once I have the necessary information, I will do my best to help connect you with the right person. Your cooperation is greatly appreciated!",Low
BLMZ,I need help acquiring some prdoucts,Order,Place Order,"Thank you for reaching out! I'm here to offer my guidance and assistance in acquiring the products you need. To better understand your requirements, could you please provide me with more details about the specific products you are interested in? Once I have this information, I can provide you with the necessary steps to acquire them smoothly.",Low
B,I need help checking the ETA of order {{Order Number}},Order,Track Order,"We appreciate your message! It's clear to me that you would like assistance in checking the estimated time of arrival (ETA) for your order with order number {{Order Number}}. I'm here to provide you with the information you need. To view the ETA of your order, you can visit the '{{Order Number}}' section on our website or log in to your account and navigate to the '{{Online Order Interaction}}' page. If you have any further questions or need additional support, please feel free to ask. I'm here to help!""",Low
BCILQ,i have got to locate order {{Order Number}} how can i do it,Order,Track Order,"I hear you! I'm following you that you need assistance in locating your order with the order number {{Order Number}}. To help you with that, please visit our website and go to the '{{Online Order Interaction}}' section. From there, you will be able to find the status and details of your order. If you have any trouble or need further guidance, don't hesitate to let me know. I'm here to ensure you have a smooth experience throughout the process!",Low
BL,question about canceling purchase {{Order Number}},Order,Cancel Order,"I understand you have a question regarding canceling purchase {{Order Number}}. 

Please feel free to ask your question, and I'll be more than happy to assist you with any concerns or queries you have about canceling this purchase.",Low
BIL,where do I see what hours customer assistance available is?,Contact,Contact Customer Service,"We're all ears! I'm tuned into the idea that you're looking for information on the operating hours of our customer assistance team. To find the hours when our team is available, you can visit our website and navigate to the ""Contact Us"" or ""Support"" page. There, you will find the specific hours during which you can reach out to our customer assistance team for any queries or concerns. If you need any further assistance or have any other questions, please feel free to let me know.",Low
BL,I want assistance to check your allowed payment modalities,Payment,Check Payment Methods,"I'm delighted that you've reached out for assistance in checking our allowed payment modalities! Our commitment to ensuring a seamless purchasing experience means that we offer a wide array of payment methods for your convenience. Here's an overview of the payment options we currently accept:

1. Credit/Debit Card: We accept major card brands such as Visa, Mastercard, and American Express. 
2. PayPal: A trusted and secure online payment platform that allows for quick and easy transactions.
3. Bank Transfer: You can make direct payments from your bank account to complete your purchase.
4. Apple Pay: If you're an Apple user, you can take advantage of the seamless payment experience provided by Apple Pay.
5. Google Pay: Accessing our payment options is also made convenient through Google Pay.

These payment methods offer flexibility and security to cater to a diverse range of customers like yourself. If you need any further assistance or have any specific questions regarding these payment modalities, please don't hesitate to let me know. I'm here to help every step of the way!",High
BL,I don't know what to do to file a claim against your company,Feedback,Complaint,"I've realized that you're unsure about how to proceed with filing a claim against our company. Please allow me to assist you in this matter. Filing a claim is an important process, and we want to ensure that it is handled properly and efficiently. To start the process, you can reach out to our customer support team through our dedicated helpline or email. They will guide you through the necessary steps, provide you with the required forms, and offer any additional information you may need. Rest assured, we take your claim seriously and will work diligently to address it in a fair and timely manner. If you have any specific questions or concerns, please don't hesitate to let me know.",Low
BLW,I want to know about a bloody shipping address modification,Shipping,Change Shipping Address,"I apologize for the frustration you may be experiencing with modifying your shipping address. Our team is here to assist you in making the necessary changes. Please provide us with the details of your current address and the new address you would like to update it to, and we will take care of it for you.",Medium
BIZ,what do I have to do to check your rfund policy?,Refund,Check Refund Policy,"Positively! I understand your need to obtain information about our refund policy. Checking our refund policy is quite simple. You can visit our website and navigate to the ""Terms and Conditions"" or ""Policies"" section. There, you will find detailed information about our refund policy, including the eligibility criteria, timeframes, and any specific procedures that need to be followed. If you have any specific questions or concerns about our refund policy, please feel free to reach out to our customer support team. They can provide you with further assistance and clarity. We strive to ensure that our refund policy is transparent and customer-friendly, so you can make informed decisions with confidence. Let me know if there's anything else I can assist you with!",High
BLZ,I don't know how to speak with an assistan,Contact,Contact Human Agent,"We're all ears! I'm tuned into the idea that you are unsure about how to speak with an assistant. I'm here to help guide you through the process. In order to assist you better, could you please provide some more information about the platform or service you are using? This will allow me to provide you with specific instructions on how to connect with an assistant. Your cooperation is greatly appreciated as we work together to find a solution.",Low
BZ,Iwant assistance canceling order {{Order Number}},Order,Cancel Order,"I've ascertained that you're seeking assistance with canceling your order with the order number {{Order Number}}. Rest assured, I'm here to help you with that. To proceed with the cancellation, please follow these steps:

1. Log in to your {{Online Company Portal Info}} using your credentials.
2. Navigate to the '{{Online Order Interaction}}' or '{{Online Order Interaction}}' section of your account.
3. Locate the purchase associated with the order number {{Order Number}}.
4. Click on the order to access the order details page.
5. Look for the option labeled '{{Online Order Interaction}}' and click on it.
6. Follow any additional prompts or provide necessary feedback to complete the cancellation process.

If you encounter any difficulties or have further questions, our dedicated team is available to support you. You can reach us during {{Customer Support Hours}} at {{Customer Support Phone Number}}, or you can connect with us through the Live Chat feature on our {{Website URL}}.

We appreciate your understanding and apologize for any inconvenience caused. Your satisfaction is our top priority, and we will do our best to assist you in canceling your order smoothly.",Low
BILQW,can ya help me seeing the bloody early exit fee,Cancel,Check Cancellation Fee,"Assuredly! I can help you with that. To find out the early termination penalty, you should review the terms and conditions in your contract. They will provide all the necessary information regarding any fees or charges associated with canceling your agreement early.",Low
BLS,shipments to {{Delivery City}},Delivery,Delivery Options,"Certainly! Let's explore the shipment options available for {{Delivery City}}. We offer the following delivery options:

1. Standard Shipping: This option typically takes {{Date Range}} business days to deliver to {{Delivery City}}. It's perfect for non-urgent items.
2. Expedited Shipping: If you need your items a little faster, our expedited shipping option ensures delivery within {{Date Range}} business days.
3. Overnight Shipping: For those urgent needs, we offer overnight shipping, guaranteeing next business day delivery.
4. In-Store Pickup: If you prefer a more personal touch, you can choose in-store pickup from one of our local stores in {{Delivery City}}.

These options ensure that you have the flexibility to choose the shipping method that best fits your needs. If you have any further questions or if there's anything else I can assist you with, please don't hesitate to ask. We're here to make your shipping experience as smooth as possible!",Medium
BIL,is there an e-mail to send an opinion about your products?,Feedback,Review,"I'll do my best! We greatly value your opinion about our products. Unfortunately, we don't have a specific email address dedicated to receiving feedback. However, we have other channels available where you can share your opinion. You can reach out to our customer support team through our website or social media platforms, where we have designated teams ready to assist you. They are always eager to hear from valued customers like you and ensure that your feedback is properly addressed. Let me know if you need any further assistance in finding the appropriate channel to share your opinion.",Low
BILZ,how do I make  a complaint against your business?,Feedback,Complaint,"I sincerely apologize for any negative experience you've had that led to your desire to file a complaint against our business. It's important to us that you feel heard and supported. To make a complaint, I recommend reaching out to our dedicated customer service team. They are trained to handle complaints and will ensure that your concerns are addressed in a timely and appropriate manner. You can contact our customer service team by calling our toll-free number at {{Customer Support Phone Number}} or by sending an email to {{Customer Service Email}}. Please provide them with all the necessary details of your complaint, including the date, time, and nature of the incident, as well as any supporting documentation if applicable. Rest assured, we take complaints seriously and will do everything we can to address your concerns and provide a satisfactory resolution. Thank you for bringing this to our attention, and we appreciate your patience as we work to make things right.",Low
BLQZ,wantassistance to change to the {{Account Type}} account,Account,Switch Account,"Absolutely! I'm here to support you in transitioning to the {{Account Type}} account. Let's proceed with the following steps:

1. Access Your Account: Begin by signing in to our platform.
2. Account Settings: Once you're logged in, navigate to your account settings area.
3. Account Type: Look for an option labeled as ""Account Type"" or ""Upgrade"".
4. Select ""Free Account"": Within that section, choose the ""Free Account"" option.
5. Confirm Your Choice: Follow the prompts to confirm your selection.

If you encounter any difficulties or if there's anything else I can assist you with, please don't hesitate to let me know. Your satisfaction is my utmost priority, and I'm here to ensure a smooth transition to the {{Account Type}} account.",High
BELM,I cannot find anything about the early exit charges,Cancel,Check Cancellation Fee,"I apologize for the inconvenience. To locate information regarding the early exit charges, please log in to your account and navigate to the ""Termination Fees"" section. There you will find detailed information about any charges associated with cancelling your contract early. If you have any further questions or need additional assistance, feel free to reach out to our customer support team.",Low
BLQ,i want help listing ur available payment methods,Payment,Check Payment Methods,"Wonderful! I'm excited to assist you in listing our available payment methods. We take great pride in offering a variety of options to cater to our customers' diverse preferences and needs. Here's a comprehensive list of our accepted payment methods:

- Credit/Debit Card: We accept major card brands like Visa, Mastercard, and American Express, providing a secure and convenient way to pay.
- PayPal: A widely recognized and trusted online payment platform that allows for seamless transactions.
- Bank Transfer: You can opt to make direct payments from your bank account, ensuring a hassle-free experience.
- Mobile Payment Apps: We also support popular mobile payment apps like Apple Pay and Google Pay, optimizing convenience for our tech-savvy customers.

I hope this provides you with a clear overview of the payment methods we offer. If you have any further questions or if there's anything else you need assistance with, please don't hesitate to let me know.",High
BL,I don't know what I need to do to file a customer claim,Feedback,Complaint,"I'm sorry to hear that you're unsure about the process of filing a customer claim. To assist you better, could you please provide some more details about the nature of your claim? We want to ensure that we address your concerns in the most effective way possible.",Low
BLMQ,need help to request rebates of my money,Refund,Get Refund,"I've deduced from your message that you need assistance in requesting rebates for your money. I'm here to help guide you through the process and ensure that you are able to advocate for yourself effectively. To begin, could you please provide me with more details about the situation? Specifically, I would like to know the reason for requesting the rebates and any additional information that could be relevant to your case. Once I have a clear understanding, I will be able to offer you the best advice on how to proceed and ensure that your request for rebates is handled efficiently and effectively.",High
BL,I don't know how I can receive the newsletter,Subscription,Newsletter Subscription,"I realized you're unsure about how to receive our newsletter. Allow me to assist you. To subscribe to our newsletter, you can visit our website and look for the subscription form, usually located on the homepage or in the footer section. Alternatively, you can provide me with your email, and I can directly assist you with the subscription process. Our newsletter contains valuable updates, exclusive offers, and exciting news about our products and services. We appreciate your interest and look forward to keeping you informed and engaged with our brand.",Low
BLM,I need help seeing the early termination fees,Cancel,Check Cancellation Fee,Positively! I'm here to assist you in viewing the early termination fees. Please provide me with your account details so that I can give you the accurate information you need.,Low
BL,I don't know how to unsubscribe from your newsletter,Subscription,Newsletter Subscription,"I understood, you're unsure about how to unsubscribe from our newsletter. No worries, I'm here to provide guidance. To unsubscribe, you can look for the ""Unsubscribe"" link at the bottom of any newsletter email you receive from us. Alternatively, you can reach out to our customer support team, and they will gladly assist you in unsubscribing from our newsletter. We value your preferences and want to ensure that you have control over the communications you receive from us.",Low
BMQZ,i need help to getthe invoices from {{Person Name}},Invoice,Get Invoice,"I'm on your side your need to access the invoices from Ms. {{Client Last Name}}. Give me a moment, and I'll assist you in retrieving those invoices. While I'm working on that, please feel free to let me know if you have any other questions or concerns. Your satisfaction is my top priority.",Low
BLZ,I expect a compendation of {{Currency Symbol}}{{Refund Amount}},Refund,Track Refund,"Thank you for letting us know about your expected reimbursement in the amount of {{Currency Symbol}}{{Refund Amount}}. We understand the importance of receiving your funds in a timely manner. Allow me to look into the current status of your reimbursement and provide you with an update. While I gather the necessary information, I appreciate your patience and rest assured that we are committed to resolving your query and ensuring your satisfaction.",High
BEL,the shipping address is not valid,Shipping,Set Up Shipping Address,"I'm sorry to hear that you're having trouble with the validity of your shipping address. Address validation plays a crucial role in ensuring accurate delivery. To resolve this issue, I recommend the following steps:

1. Double-check the address details you entered, including the spelling, street name, house number, zip code, and any additional address lines.
2. Verify if the shipping address format aligns with the requirements of your country or postal service. Different regions may have specific formatting rules.
3. Take a moment to confirm that the address you entered exists and is recognized by mapping or postal services. This will ensure that the system can validate it.
4. If you're entering an international address, make sure to follow the correct format and include all necessary information, such as the city, region, and country.
5. Try using a different web browser or device to re-enter the address. Sometimes, technical issues can interfere with the validation process.
6. If the address is still not being accepted, please reach out to our customer support team at {{Customer Support Phone Number}} or through our live chat on our website at {{Website URL}}. They will be more than happy to assist you in resolving the issue with your shipping address.

By following these steps, we hope to resolve the issue with your shipping address and ensure that your order is processed correctly. Thank you for bringing this to our attention, and we apologize for any inconvenience caused.",Medium
BL,help using the {{Account Type}} profile,Account,Switch Account,"I'll get right on it! I appreciate your request for assistance in utilizing our {{Account Type}} profile. Allow me to guide you through the process:

1. Proactive Account Access: Begin by accessing our platform and signing in to your account.
2. Program Navigation: Once inside, navigate to the ""{{Settings}}"" or ""{{Profile}}"" section.
3. {{Account Type}} Profile Activation: Within these sections, locate the option that reads ""{{Upgrade Account}}"" or ""{{Account Change}}"".
4. Power Up to {{Account Type}}: Select the ""{{Profile Type}}"" option from the available choices.
5. Seamless Enhancement: Follow the on-screen prompts to complete the activation process.

If you encounter any challenges or need further guidance, please don't hesitate to reach out. We are committed to making your experience with our {{Account Type}} profile as smooth and fruitful as possible. Enjoy the enhanced benefits and features that come with your {{Account Type}} account!""",High
BIL,can you help me cancel my newsletter subscription?,Subscription,Newsletter Subscription,"I'll get right on it! I appreciate your decision to cancel your newsletter subscription. I'm here to assist you with that. To proceed, could you please provide me with the email address you used for the subscription? This will help me locate and cancel your subscription quickly and accurately. Rest assured, your request will be handled promptly and your privacy will continue to be respected throughout the process.",Low
BILQ,where to see the ETA of order {{Order Number}},Order,Track Order,"We appreciate your message! It's clear to me that you would like to check the estimated time of arrival (ETA) for your order with order number {{Order Number}}. To find the ETA of your order, please visit the '{{Order Number}}' section on our website. There, you will find all the relevant information regarding your order, including the ETA. If you have any further questions or need assistance with anything else, feel free to ask. I'm here to help!",Low
BLM,help me to check the withdrawal charges,Cancel,Check Cancellation Fee,"Sure, I can explain how you can check for withdrawal charges. To do so, you can log in to your account online or contact our customer service team. They will be able to provide you with the information regarding any withdrawal charges applicable to your account.",Low
BCL,"I get an error when I try to make a payment, inform of it",Payment,Payment Issue,"I'm sorry to hear that you're encountering an error when attempting to make a payment. It's important to address this issue promptly to ensure a smooth payment process for you. To assist you further, could you please provide more details about the error you're facing? This will help us better understand the problem and guide you towards an appropriate solution. Thank you for bringing this to our attention, and rest assured, we're committed to resolving the error and streamlining your payment experience.",High
BILMQ,can ya help me updating the details included on my account,Account,Edit Account,"I'm on it! We're here to assist you with updating the details included in your account. Your commitment to keeping your information accurate and personalized is commendable. To ensure the utmost security of your account, we kindly request that you refrain from sharing any personal identifiers such as your full account number or password here. To update your account details, it's best to securely log into {{Online Company Portal Info}} or reach out to our dedicated customer support team for personalized assistance. What specific details would you like to update? We'll guide you through the process step by step. You're in capable hands, and we're thrilled to be of service.",High
BLQ,want assistance setting my delivery address up,Shipping,Set Up Shipping Address,"I appreciate your interest in setting up your delivery address. I'm here to assist you every step of the way. To get started, please follow these instructions:

1. Log in to your account on our website.
2. Navigate to the ""My Account"" or ""Profile"" section.
3. Look for the option labeled ""Shipping Addresses"" or a similar phrase.
4. Click on the option to add a new address or edit your existing ones.
5. Fill in the required fields with your delivery address details, including the secondary address if applicable.
6. Double-check the accuracy of the information you've entered.
7. Save the changes.

If you encounter any difficulties or have any questions during this process, please don't hesitate to let me know. I'm here to help make sure your delivery address is set up correctly.",Medium
BLQ,problem with the pass recovery,Account,Recover Password,"No worries, I'm here to assist you with the problem you're experiencing with the password recovery process. 

To get started, could you please provide me with some more details about the issue you're facing? Specifically, let me know at which step of the password recovery process you encountered the problem. With this information, I'll be able to provide you with more specific guidance tailored to your situation.

Rest assured, I'm committed to helping you regain access to your account as quickly as possible. Together, we'll navigate through any obstacles and resolve the issue at hand.",High
BIL,where can I download the invoice #37777?,Invoice,Get Invoice,"Ah, the mystifying quest to download the extraordinary invoice with the majestic number {{Invoice Number}}!I am delighted to assist you in unraveling this enigma. To download your invoice, please follow these simple steps:

1. Log in to your account on our website.
2. Navigate to the ""Billing"" or ""Invoices"" section.
3. Look for the invoice labeled with the number {{Invoice Number}}.
4. Click on the ""Download"" button next to it.
5. The invoice will be saved to your device for easy access.

If you encounter any difficulties or have any further questions, please don't hesitate to let me know. I'm here to ensure a seamless invoice downloading experience for you!",Low
BILPQZ,could ya help me infofming of a sign-up issue,Account,Registration Problems,"We've received your message to us for assistance in informing us about the sign-up issue you're facing. We understand how important it is to address any challenges you encounter during the sign-up process. To better assist you, could you please provide more details about the specific issue you are experiencing? This will enable us to investigate and resolve the problem promptly. We appreciate your patience and cooperation in helping us improve our sign-up process for a seamless user experience.",High
BLQ,I'm trying to write a review for ur company,Feedback,Review,"We greatly value your desire to write a review for our company! Your feedback holds immense importance for us. To post a review, you can visit our website and navigate to the review section. You'll find a dedicated space where you can share your thoughts, experiences, and suggestions. We appreciate your contribution to improving our services and look forward to hearing from you! If you need any further assistance or have any questions, feel free to let me know.",Low
BLM,I want assistance to see what shipping options are available,Delivery,Delivery Options,"Absolutely! I'd be delighted to assist you in exploring the shipping options available. Let me provide you with an overview of our convenient choices:

1. Standard Shipping: With an estimated delivery time of {{Date Range}} business days, this option is perfect for non-urgent items.
2. Expedited Shipping: If you're looking for a quicker delivery, this option typically takes {{Date Range}} business days.
3. Overnight Shipping: For those urgent needs, we offer next business day delivery to ensure your items arrive promptly.
4. In-Store Pickup: If you prefer a more hands-on approach, you can choose to pick up your items at one of our {{Store Location}}, allowing for even greater convenience.

Please note that specific delivery times may vary based on factors like location and product availability. If you have any additional questions or if there's anything else I can assist you with, please don't hesitate to ask. I'm here to ensure your satisfaction!",Medium
BL,I try to see in what situations can I request to be refunded,Refund,Check Refund Policy,"Indeed! I completely understand your desire to know the situations in which you can request a refund. Let me provide you with a clear breakdown:

1. **Product/Service Defect:** If the product or service you have purchased has a defect or doesn't meet the description, you would generally be eligible for a refund.
2. **Cancellation within Grace Period:** Should you change your mind and decide to cancel your purchase within the specified grace period, you should be able to request a refund.
3. **Unauthorized Charges:** If you notice any charges on your account that you did not authorize or recognize, we will definitely investigate and assist you in resolving the issue.
4. **Event Cancellation:** Suppose you have purchased tickets for an event that gets canceled and not rescheduled. In that case, you would normally have the option to request a refund.
5. **Duplicate Charges:** If you find that you have been mistakenly charged multiple times for the same item, please reach out to us, and we will rectify it promptly.
6. **Non-receipt of Goods:** If you have not received the product within the expected timeframe, please inform us, as you may be eligible for a refund in such cases.

It's important to note that each vendor or service provider may have specific policies and procedures regarding refunds. To gain a comprehensive understanding, I recommend consulting their terms and conditions directly or getting in touch with their customer support. If you have any specific order or concern, please provide me with the necessary details, such as the order number, and I'll be more than happy to assist you further.

Is there anything else I can help you with?",High
BLQZ,tell me what hours i can contact customer sasistance,Contact,Contact Customer Service,Grateful for your contact! I get the sense that you want to know the hours during which you can contact our customer assistance team. Our dedicated team is available during {{Customer Support Hours}}. They are here to help address your concerns and provide you with the assistance you need. Please feel free to reach out if you have any other questions or if there's anything else I can assist you with.,Low
BL,open a standard account,Account,Create Account,"Thank you for considering opening a {{Account Type}} account with us! We appreciate your interest in our services. To proceed with opening a {{Account Type}} account, you can visit our website and navigate to the account creation page. There, you will find a step-by-step guide to help you through the process. If you have any questions or need assistance at any point, please feel free to reach out to our customer support team. We're here to make the account creation process as smooth as possible for you.",High
BLQ,i dont know what i have to do to close my gold account,Account,Delete Account,"Thank you for your message about closing your gold account. I understand that you're unsure about the process, and I'm here to help. To close your gold account, you can follow these steps: 

1. Log in to your account on our website.
2. Navigate to the account settings or preferences section.
3. Look for an option related to account closure or cancellation.
4. Follow the prompts or instructions provided to complete the closure process.

If you encounter any difficulties or have further questions during the process, please don't hesitate to reach out to our customer support team. They are available {{Customer Support Hours}} at {{Customer Support Phone Number}} or through the Live Chat on our website at {{Website URL}}. We want to ensure a smooth experience for you while closing your gold account.",High
BLQ,i want assistance to close the {{Account Category}} account,Account,Delete Account,"Thank you for trusting to us for assistance with closing your {{Account Category}} account. We understand that you may have your own reasons for doing so, and we are here to support you in this process. To proceed with the closure of your account, please follow these steps:

1. Log in to your account on our website.
2. Navigate to the account settings or profile section.
3. Look for the option to deactivate or delete your account.
4. Follow the on-screen prompts or instructions to confirm the closure.

Alternatively, if you are unable to find the account closure option, please provide us with additional details, such as your account username or any other relevant information. This will allow us to assist you further in closing your {{Account Category}} account. Rest assured, we are committed to making this process as smooth as possible for you. Once your account is closed, all associated data will be permanently removed from our system.",High
BLQZ,want  assistance chatting with somebody,Contact,Contact Human Agent,Thank you for reaching out! I completely understand that you would like assistance with initiating a chat with someone. Our team of dedicated human agents is here to help and provide you with the support you need. Please allow me a moment to connect you with one of our representatives who will be able to assist you further.,Low
BILZ,do you have a free phone no to speak with customer service?,Contact,Contact Customer Service,Thank you for reaching out! I understand your desire to speak with our customer service team. We do have a dedicated phone line for customer assistance. Please feel free to reach out to our customer service team at {{Customer Support Phone Number}}. They will be more than happy to assist you with any questions or concerns you may have.,Low
BLQ,i dont know how to receive a refund of my money,Refund,Get Refund,"I can tell that you're unsure about the process of receiving a refund for your money. Don't worry, I'm here to assist you every step of the way. To begin, may I ask if you made the purchase online or in-store? Knowing this information will help me guide you through the appropriate refund procedure.",High
BLQW,want assistance seeing the fucking ETA of order {{Order Number}},Order,Track Order,"I apologize if you encountered any inappropriate language. I understand that you would like assistance in checking the estimated time of arrival (ETA) for your order with order number {{Order Number}}. To help you with that, please visit the '{{Order Tracking}}' section on our website or reach out to our customer support team via phone at {{Customer Support Phone Number}} or through our Live Chat feature on our website at {{Website URL}}. They will be happy to provide you with the most up-to-date information on your order's ETA. Let me know if there's anything else I can assist you with!",Low
BCLW,"my experience with you was awful, lodge a bloody claim",Feedback,Complaint,"I deeply regret to hear that your experience with us was awful and I apologize for any distress caused. To ensure your concerns are properly addressed, let's lodge a claim on your behalf. Could you please provide specific details of your experience and the issues you encountered? Your feedback is incredibly valuable to us and will assist us in identifying areas for improvement. Rest assured that we take your complaint seriously and will do our utmost to rectify the situation. Thank you for bringing this to our attention, and I assure you that we are committed to resolving your concerns.",Low
BLM,I want help to notify of problems with a sign-up,Account,Registration Problems,"We appreciate you reaching out to us for assistance in notifying us about the problems you're facing during the sign-up process. Our team is here to listen and support you through any challenges you may encounter. To report the issues, we have a dedicated support channel that you can utilize. Simply visit our website and navigate to the 'Contact Us' page, where you'll find various options to connect with our support team. Whether it's through a live chat, email, or phone call, we are readily available to address your concerns. By notifying us of the specific problems you're encountering, we can work together to find the best solution and provide you with a seamless sign-up experience. Remember, your feedback is invaluable to us, and we genuinely appreciate your active participation in improving our service. Thank you for reaching out, and we're committed to resolving any issues you may have encountered during your sign-up process.",High
BKL,change data on freemium account,Account,Edit Account,"How fascinating it is to accompany you on this journey of transforming the data on your esteemed {{Account Category}} account!I am here to provide you with unwavering support and guidance throughout this process. Rest assured that your account details will be accurately modified to align with your evolving preferences and needs. Please remember to avoid sharing any personal identifiers, such as your full account number or password, to ensure the utmost security of your account. If you need any assistance or have specific details you would like to change, please feel free to share them with me. Together, we'll make certain that your {{Account Category}} account reflects your unique requirements.",High
BLQ,i need assistance writing a review for ur products,Feedback,Review,"We've received your message to us for assistance with writing a review for our products! Your willingness to share your thoughts and experiences is greatly appreciated. Writing a review can be a powerful way to help other customers make informed choices, and we are here to support you in this process.

To begin, it would be helpful to know which specific product you would like to review. Could you please provide the name or any unique identifier for the product? Once we have that information, we can guide you on the best platform or channel to leave your review. Your feedback plays a significant role in helping us improve our products and provide the best possible experience to our customers.",Low
BILPQ,could uhelp me report a trouble with online payment,Payment,Payment Issue,"Of course, I'm here to help you report the trouble you encountered with your online payment. Your proactive approach in notifying us about this issue is greatly appreciated. To assist you effectively, could you please provide more details about the trouble you faced? This will enable us to investigate the matter thoroughly and provide you with an appropriate solution. Thank you for reaching out to us, and rest assured, we are committed to resolving this issue promptly.",High
BIL,is it possible to acquire an article?,Order,Place Order,"Thank you for considering acquiring an article from us! Absolutely, it is possible to do so. We have a wide range of articles available for purchase, and I'm here to help you every step of the way. If you could please provide me with more details about the specific article you're interested in, such as the name, type, or any specific features, I will be able to assist you better and provide you with all the necessary information you need to make a well-informed decision. Let's make this process smooth and enjoyable for you!",Low
BLW,I want assistance to see the fucking status of the rebate,Refund,Track Refund,"Firstly, I'd like to apologize for any frustration or inconvenience you may have experienced. I understand that you would like assistance in checking the status of your rebate. Thank you for bringing this to my attention, and I assure you that we are here to help. To better assist you, could you please provide me with your order or reference number? With that information, I can quickly look into the current status and provide you with an update.",High
BLQ,need assistance to chat with a person,Contact,Contact Human Agent,"Honored to assist! I'm clued in that you need assistance with chatting with a person. Rest assured, I'm here to help you. Let me quickly connect you with one of our live agents who will be able to assist you with your concerns. Please stay with me for just a moment while I transfer the chat to an available agent.",Low
BIL,can you help me see how long refunds take?,Refund,Check Refund Policy,"Assuredly! I understand that knowing the timeframe for refunds is crucial for you. The length of time it takes to process a refund can vary depending on several factors. Typically, refunds are processed within a few business days after the return or cancellation has been initiated. However, it's important to note that the exact timeframe may depend on various elements such as the payment method used, the nature of the product or service, the company's refund policy, and any applicable regulations and procedures.

To provide you with more accurate and specific information about the refund process, I encourage you to provide me with the details of your particular purchase. This way, I can look into it further and provide a more precise estimate of the refund timeline. Please share the {{Order Number}} or any relevant details, and I'll be more than happy to assist you further in determining the expected duration for your refund.

Rest assured, we strive to process refunds as quickly as possible while adhering to relevant guidelines and ensuring a fair and accurate resolution. Our aim is to ensure your satisfaction throughout the process.

Is there anything else I can assist you with today?",High
BL,I have to edit the personal information,Account,Edit Account,"It's truly wonderful to hear that you would like to edit your personal information. Your dedication to keeping your details up to date is commendable. To make sure I understand correctly, could you please specify which personal information you would like to edit? This will help us provide you with the most accurate assistance possible.",High
BKL,trouble modifying delivery address,Shipping,Change Shipping Address,I'm sorry to hear that you're having trouble modifying your delivery address. Please reach out to our customer support team and they will be more than happy to help you resolve the issue.,Medium
BL,see how long refunds usually take,Refund,Check Refund Policy,"I'm happy to help! I understand that you would like to know how long refunds usually take. The timeframe for refunds can vary depending on several factors. Once a refund is approved, it typically takes 3-5 business days for the refund to be processed and credited back to your original payment method. However, please keep in mind that the exact duration can depend on various factors, such as the payment provider, financial institution, or the specific policies of the company you made the purchase from. If you have a specific purchase or refund request, please provide me with the necessary details, such as the order number or transaction reference, and I will gladly assist you further. Ensuring your satisfaction is our top priority, so please don't hesitate to reach out with any further questions or concerns you may have.",High
BL,help me to check how soon can I expect the parcel,Delivery,Delivery Period,"We understand your eagerness to track and know the estimated delivery time for your parcel. To provide you with the most accurate information, could you please provide us with the {{Tracking Number}} or {{Order Number}}? With these details, we will be able to give you a precise estimate on when you can expect your parcel to arrive. We appreciate your patience as we work on resolving this for you.",Medium
BEL,I do not know how I can download my invoice #37777,Invoice,Get Invoice,"I completely understand your uncertainty about how to download the invoice with the number #{{Invoice Number}}. Let me guide you through the process. To download your invoice, please follow these steps:

1. Log in to your account on our website.
2. Navigate to the ""Billing"" or ""Invoices"" section.
3. Look for the invoice with the number #{{Invoice Number}}.
4. Click on the ""Download"" or ""Print"" option next to the invoice.
5. Save the file to your desired location on your device.

If you encounter any difficulties or have further questions, feel free to let me know. I'm here to assist you every step of the way.",Low
BILQ,how do i shop an item,Order,Place Order,"I appreciate your interest in shopping for an item! Allow me to guide you through the process so that you can easily acquire what you're looking for. To get started, may I ask if you have a specific item in mind? Once you provide me with more details, I'll be able to assist you more effectively and provide you with options to make your shopping experience seamless and enjoyable.",Low
BLZ,I call to send some  feedback about a service,Feedback,Review,"Thank you for reaching out to us with your feedback about our service. We appreciate your willingness to share your experience and insights. Your feedback helps us improve and provide better services to our customers. Please go ahead and let me know the specific details of your feedback so that I can make sure it reaches the appropriate department for review. Your contribution is highly valued, and we look forward to hearing from you.",Low
BILMP,could you help me get compensations of my money?,Refund,Get Refund,"Certainly, I understand your desire to seek compensation for your money, and I'm here to assist you. To get started, could you please provide me with more details about the situation? It's important for me to understand the specific circumstances in order to guide you towards the most appropriate course of action. Your input will play a vital role in formulating an effective approach to ensure you receive the compensations you rightly deserve. Rest assured that I will work diligently to address your concerns and support you throughout this process.",High
BCLQ,i need a {{Account Category}} account create it,Account,Create Account,"For sure! I'm here to assist you in creating your {{Account Category}} account. To get started, I will need a few details from you. Can you please provide me with your full name, email address, and a username that you would like to use for your account? Once I have this information, I will guide you step-by-step through the account creation process, ensuring a seamless experience for you. Your privacy and security are of utmost importance to us, and I want to assure you that all your information will be handled with the highest level of care and encryption. Let me know when you're ready to begin!",High
BQ,i call to submit some feedback for ur services,Feedback,Review,"Thank you for taking the time to call and provide feedback on our services! Your opinion is highly valuable to us as it helps us improve and deliver a better experience to all our customers. I would be more than happy to assist you in submitting your feedback. Please let me know the specific aspects you would like to address or any concerns you would like to share. Your insights are instrumental in shaping our services, and we genuinely appreciate your contribution to our continuous improvement efforts.",Low
BILP,could you tell me about changing my delivery address?,Shipping,Change Shipping Address,"Indeed! If you need to change your delivery address, please reach out to our customer service team. They will be able to assist you in updating the shipping information for your order. It's important to contact them as soon as possible to ensure that your package is delivered to the correct address. Thank you for reaching out to us!",Medium
BIL,can you help me using the platinum profile?,Account,Switch Account,"For sure! I'm thrilled to assist you in harnessing the full potential of our {{Account Category}} profile. Let's start this exciting journey together:

1. **Access Your Account:** Begin by logging into our platform using your credentials.
2. **Profile Management:** Once inside, navigate to your account settings or profile section.
3. **Upgrade Option:** Look for an option labeled ""Upgrade"" or ""Switch Account Type"" within these sections.
4. **{{Account Category}} Profile:** Select the ""{{Account Category}} Profile"" option from the available choices.
5. **Final Steps:** Follow the on-screen prompts to complete the upgrade process.

Should you encounter any challenges or have additional inquiries, don't hesitate to reach out. It's always a pleasure to help you explore the world of our exclusive {{Account Category}} profile and its abundant benefits!",High
BLQ,i want help to file a consumer claim against ur organization,Feedback,Complaint,"I'm sorry to hear that you are facing a situation where you need to file a consumer claim against our organization. I understand that this can be a frustrating experience, and I'm here to assist you throughout the process. To proceed with your claim, please provide me with the necessary details such as the nature of the issue, any relevant documentation, and your contact information. Our team will thoroughly review your claim and work towards a resolution. Rest assured that we take consumer concerns seriously, and we are committed to addressing your claim promptly and in a fair manner. Thank you for bringing this to our attention, and I'll do everything I can to support you in resolving this matter.",Low
BIL,can I know if there is anything new on the restitution?,Refund,Track Refund,"Absolutely! I completely understand your eagerness to stay informed about any updates regarding your restitution. Allow me to check the current status for you. While I retrieve the most recent information, may I kindly ask if you have received any communication from our team about the reimbursement? Your insights will provide us with a more comprehensive understanding of the situation. Thank you for your patience, and I'll ensure we address your query promptly.",High
BLQ,i need assistance seeing how soon can i expect the delivery,Delivery,Delivery Period,"We understand your eagerness to track the estimated delivery time of your shipment. To provide you with the most accurate information, could you please provide the {{Tracking Number}} or {{Order Number}}? With that information, we will be able to give you a precise estimate of your delivery date. Thank you for your patience and cooperation.",Medium
BL,help me check the status of my reimbursement,Refund,Track Refund,"I certainly recognize the importance of checking the status of your reimbursement for you. Rest assured, I'll be glad to assist you with that. Could you please provide me with the details of your reimbursement, such as the reimbursement request number or any other relevant information? This will enable me to quickly track down the status and provide you with accurate information. Thank you for your patience and cooperation.",High
BEL,I cannot talk to somebody,Contact,Contact Human Agent,"Thank you for reaching out! I'm sorry to hear that you're unable to talk to someone. I'm here to help you out! Could you please let me know what specific issue or question you have? By understanding your concerns, I can provide you with the most appropriate assistance or guide you to a human representative who can address your needs. Your satisfaction is important to us, and we're committed to resolving any difficulties you may be experiencing.",Low
BIQ,where do i report an issue with a registration,Account,Registration Problems,"We're here to help to us regarding the issue you encountered during the registration process. We understand the frustration that this may have caused, and we apologize for any inconvenience. To report your registration issue, please visit our support page on our website, where you can find contact information for our customer support team. They will be happy to assist you further and gather any necessary details to help resolve the problem. Your feedback is valuable as it helps us improve our services for all our users.",High
BILM,can I get my bills from {{Person Name}}?,Invoice,Get Invoice,"I comprehend your request to access bills from {{Salutation}} {{Client Last Name}}. Just a moment, I'm actively working on retrieving them for you. By the way, have you used our system before to access bills? If you have any questions or need further assistance, please feel free to let me know. I'm here to help you with all your bill-related needs.",Low
BILZ,can you help me see when my article is goong to arrive?,Delivery,Delivery Period,"We understand your eagerness to track and know the estimated delivery time for your article. To provide you with accurate information, could you please provide us with the {{Tracking Number}} or {{Order Number}} associated with your article? With this information, we will be able to give you a precise estimate of when your article is going to arrive. Thank you for your cooperation in this matter.",Medium
BILQ,can I restore my user pwd?,Account,Recover Password,"I'll make it happen! I'm here to assist you in restoring your user password. Let's go on this journey together:

1. To start, please visit our ""{{Login Page URL}}"" to access your user account.
2. Look for the option that says ""{{Forgot Password}}"" and click on it.
3. Next, enter the email address associated with your user account when prompted.
4. Within a short period of time, you should receive an email with detailed instructions on how to reset your password. Don't forget to check your spam or junk folder, just in case it ends up there.
5. Follow the instructions in the email carefully to create a secure new password for your account.

If you encounter any difficulties or if the email takes longer than expected to arrive, don't hesitate to reach out to me. I'm here to provide guidance and support every step of the way. We're in this together!""",High
BKLMZ,changing detais on {{Account Type}} account,Account,Edit Account,"Ah, the exhilarating adventure of changing details on your esteemed {{Account Type}} account!I am honored to be your trusted companion on this empowering quest. Your {{Account Type}} account is indeed a treasure trove of benefits and privileges, allowing you to unlock a world of possibilities. To assist you with changing the details, could you please provide me with the specific information you would like to update? Is it your contact information, billing address, or any other details? Your guidance will help us navigate this journey seamlessly, ensuring your {{Account Type}} account remains a shining beacon of personalized service and satisfaction.",High
BL,I have a question about the deletion of my {{Account Type}} account,Account,Delete Account,"I'm glad you contacted us to us with your question about deleting your {{Account Type}} account. I understand that you might have concerns or inquiries regarding this process. Can you please provide some more details about the specific question you have? This will help me provide you with the most accurate information and guide you through the deletion process effectively. Remember, we value your time and want to ensure that you have a hassle-{{Account Type}} experience.",High
BKM,checking invoices from 9 months ago,Invoice,Check Invoice,"Sure! I understand that you need assistance in checking invoices from {{Timeframe}}. To proceed, could you please provide me with any additional details such as the specific month or any other relevant information that could help us locate the invoices more efficiently? Rest assured, I'm here to guide you through the process and ensure you have a positive experience.",Low
BCILP,"I would like to correct order {{Order Number}}, will you help me?",Order,Change Order,"We understand that you have a request to correct order number {{Order Number}}. We're here to assist you with that. Could you please provide more details about the correction you would like to make? Your satisfaction is our priority, and we want to ensure we address your concerns accurately.",Low
BL,help seeing when will my package arrive,Delivery,Delivery Period,"We understand your eagerness to track the progress and estimated arrival time of your package. To assist you better, could you please provide us with the {{Tracking Number}} or {{Order Number}}? With that information, we'll be able to provide you with the most accurate update on your package's whereabouts. We appreciate your patience and cooperation in this matter.",Medium
BIL,where do I change my address?,Shipping,Change Shipping Address,"To change your address, please follow these steps. First, log in to your account on our website. Then, navigate to the ""My Account"" section. In that section, you will find an option to update your address. Click on it and you will be able to make the necessary changes. If you encounter any difficulties, don't hesitate to reach out to our customer support team for further assistance.",Medium
BKLZ,cancelin {{Account Category}} account,Account,Delete Account,"Grateful you reached out about canceling your {{Account Category}} account. I understand that you no longer wish to continue with this subscription and I'm here to assist you. To cancel your {{Account Category}} account, you can follow these steps:
1. Log into your account on our website.
2. Navigate to the account settings or subscription page.
3. Look for the option to cancel or unsubscribe from the {{Account Category}} account.
4. Follow the prompts or instructions provided on the page to complete the cancellation process.
If you encounter any difficulties or have further questions during this process, please don't hesitate to ask. I'm committed to providing you the support you need.",High
BLMQ,need to check if there are any updates on my reimbursement,Refund,Track Refund,"Firstly, I want to assure you that I understand the importance of staying updated on the status of your reimbursement. It can be quite frustrating to wait for an update, and I'm here to help. Let me quickly check the latest information on your reimbursement. Please bear with me for just a moment, and I'll provide you with an update as soon as possible. Thank you for your patience and understanding.",High
BL,I don't know how to make a claim against your organization,Feedback,Complaint,"I'm sorry to hear that you're unsure about how to make a claim against our organization. Rest assured, I'm here to guide you through the process and provide the necessary assistance. To initiate a claim, you can start by visiting our website and looking for the ""Claims"" or ""Customer Support"" section. Alternatively, you can reach out to our dedicated customer support team who will be more than happy to assist you in filing your claim. Remember, we are committed to addressing your concerns and ensuring a smooth claims process for you. How can I further enhance your experience with our organization?",Low
BLQ,need assistance to give a quick look at invoice #12588,Invoice,Check Invoice,"I'll do my best! I understand your need for a quick glance at the invoice with the number #{{Invoice Number}}. Let me assist you with that. Could you please provide me with your account information or any other relevant details so that I can locate the invoice and provide you with the necessary information? Rest assured, I'll do my best to help you with your request.",Low
BILQ,can uhelp me see the ETA of purchase {{Order Number}},Order,Track Order,"Thank you for reaching out! I'm here to assist you in checking the estimated time of arrival (ETA) for your purchase with the purchase number {{Order Number}}. To provide you with the most accurate information, may I kindly ask you to verify the purchase number once again? Once I have the correct details, I'll be able to guide you in locating the ETA of your purchase.",Low
BILMQZ,canuhelp me to get the bills from {{Person Name}},Invoice,Get Invoice,I'm fully aware of your need to access the bills from {{Salutation}} {{Client Last Name}}. Let me assist you with retrieving them. Could you please provide me with the client's account number or any additional information that might help me locate the bills more accurately?,Low
BL,I don't know what to do to talk with an operator,Contact,Contact Human Agent,"I see what you mean! I'm on the same page that you're unsure about the steps to take in order to speak with an operator. Allow me to guide you.

To talk with an operator, you have a few options. One way is to reach out to our customer support team directly by phone at {{Customer Support Phone Number}}. They are available {{Customer Support Hours}} to assist you. Alternatively, you can visit our website at {{Website URL}} and look for the ""Contact Us"" or ""Support"" section, where you may find a Live Chat feature that connects you with an operator in real-time.

Please let me know if you need any further assistance or if there's anything else I can do to help. Your satisfaction is our top priority, and we are here to support you every step of the way.",Low
BILP,will you show me the accepted payment options?,Payment,Check Payment Methods,"Assuredly! I'm thrilled to assist you in discovering the accepted payment options we offer. At our company, we strive to provide a seamless and convenient payment experience. Here's a list of the payment methods you can choose from:

- **Credit/Debit Card:** We accept major cards like Visa, Mastercard, and American Express.
- **PayPal:** A popular online payment method renowned for its security and widespread usage.
- **Bank Transfer:** A direct payment method that allows you to transfer funds from your bank account.
- **Apple Pay:** An easy and swift payment solution specifically designed for Apple users.
- **Google Wallet:** Google's payment system that guarantees fast and effortless checkouts.

These payment options are designed to cater to a wide range of preferences. Should you require further information or have any questions about any of these options, please feel free to let me know. Your satisfaction is our top priority, and we're here to support you throughout your payment process.",High
BILQ,where to see the status of my rebate,Refund,Track Refund,"I'm with you, your need to check the status of your rebate. To find out the current status, you can visit our website and log into your account. Once you're logged in, navigate to the 'My Orders' or 'My Account' section. There, you should be able to locate the specific order or rebate and access the status information. If you encounter any difficulties or need further assistance, please don't hesitate to reach out to our customer support team who will be more than happy to guide you through the process.",High
BILP,would it be possible to check the early termination charge?,Cancel,Check Cancellation Fee,I'm happy to help! I'm here to assist you in checking the early termination charge...,Low
BCEL,"I cannot remember my user account password, help me reset it",Account,Recover Password,"No worries, I'm here to assist you in resetting your user account password! To get started, follow these steps:

1. Visit the login page of our platform by going to ""{{Login Page URL}}"".
2. Look for the option that says ""{{Forgot Password}}"" and click on it.
3. Provide the email address associated with your user account when prompted.
4. Keep an eye on your inbox, as you should receive an email with instructions on how to reset your password. If you don't see it in your main inbox, please check your spam or junk folder.
5. Follow the guidelines provided in the email to create a new, secure password for your user account.

If you encounter any difficulties or if the email doesn't arrive within a reasonable time, please don't hesitate to reach out. We're here to support you throughout the process.",High
BCIL,"I need to see the cancellation fee, can you help me?",Cancel,Check Cancellation Fee,"Absolutely! To provide you with the details of the cancellation fee, I would need some additional information. Can you please provide me with the name of the service or contract you are referring to?",Low
BILP,how could I see the early termination penalty?,Cancel,Check Cancellation Fee,"To view the early termination penalty, you can easily access it through your account on our website. Simply log in and navigate to the ""Account Details"" section. From there, you should be able to find the information regarding the early termination penalty.",Low
BILQ,how can i receive the newsletter,Subscription,Newsletter Subscription,"Wonderful! It's great to see your interest in receiving our newsletter. To subscribe, all you need to do is provide us with your email address. You can either share it here or visit our website and look for the newsletter sign-up section. Once you're subscribed, you'll start receiving regular updates, exclusive content, and exciting offers directly in your inbox. We value your trust and assure you that your privacy is our top priority. Thank you for choosing to stay connected with us through our newsletter!",Low
BIL,can you help me to open a freemium account?,Account,Create Account,"I'll make it happen! I'd be delighted to assist you in opening a freemium account. To get started, could you please provide me with your full name, email address, and a preferred username? Once I have this information, I'll guide you through the process step by step, ensuring that you're well-informed and comfortable throughout. Your security and privacy are highly important to us, and rest assured that all your data will be handled with the utmost care.",High
BLMQ,i dont know how i can add several items to purchase {{Order Number}},Order,Change Order,"Your reach-out is appreciated! I'm sensing that you're unsure about how to add several items to your purchase with the number {{Order Number}}. Don't worry, I'm here to help! To add multiple items to your purchase, you can follow these steps:

1. Visit our website and log into your account.
2. Go to the 'My Purchases' section or 'Order History' page.
3. Find the purchase with the number {{Order Number}} and click on it to view the details.
4. Look for an 'Add Items' or 'Edit Order' button and click on it.
5. You should see a list of available products. Browse through the options and select the items you want to add.
6. Once you have selected the items, click on the 'Add' or 'Confirm' button to add them to your purchase.
7. Review your updated purchase summary to make sure everything looks correct.
8. Finally, proceed to the checkout or payment page to complete your purchase with the additional items.

If you encounter any difficulties or have further questions, our customer support team is available {{Customer Support Hours}}. Please feel free to reach out to them at {{Customer Support Phone Number}} or through the Live Chat on our website at {{Website URL}}. They will be more than happy to guide you through the process and provide any necessary assistance. We want to ensure that your purchase experience is seamless and enjoyable.",Low
BILMZ,how to shop several of you article?,Order,Place Order,"Thank you for your interest in shopping several of our articles! I'm excited to guide you through the process. It's quite simple. First, browse through our website or visit our nearest store to explore the range of articles we offer. Once you have a few favorites in mind, simply add them to your cart or basket. When you're ready to check out, you can proceed to the payment page, where you can choose your preferred payment method and enter your shipping information. After completing these steps, you'll receive a confirmation of your order, and our team will start preparing it for shipment. Rest assured that we'll keep you updated throughout the entire process. If you have any further questions or need assistance at any point, please don't hesitate to reach out. Happy shopping!",Low
BCIL,"I can't remember my account password, where to reset it?",Account,Recover Password,"Oh no! I understand the frustration of not being able to remember your account password. Don't worry, I'm here to assist you in resetting it and regaining access to your account.

To reset your account password, please follow these simple steps:

1. Start by visiting our website's login page at {{Website URL}}.
2. Look for the ""Forgot Password"" option, usually located below the login fields, and click on it.
3. You'll be redirected to a password reset page where you need to enter your email address associated with your account.
4. Once you've entered your email address, click the ""Reset Password"" button.
5. An email containing further instructions and a link to reset your password will be sent to the email address provided.
6. Check your inbox and maybe even your spam or junk folder, just in case the email got misplaced.
7. Open the email and follow the guided steps to set a new, strong password for your account.

If you encounter any difficulties during the password reset process or if you have any further questions, please don't hesitate to reach out to our customer support team. We're available 24/7 and will be more than happy to assist you.

Remember, we are here to support you every step of the way. Your account will be up and running again in no time!",High
BLZ,I nee assistance to cancel purchase {{Order Number}},Order,Cancel Order,"I've got that you need assistance with canceling your purchase with the order number {{Order Number}}. Please allow me to guide you through the cancellation process.

To cancel your purchase:

1. Log into your {{Online Company Portal Info}} using your credentials.
2. Navigate to the '{{Online Order Interaction}}' or '{{Online Order Interaction}}' section.
3. Look for the purchase associated with the order number {{Order Number}} and click on it.
4. Within the order details, you should find an option labeled '{{Online Order Interaction}}'. Please select this option to initiate the cancellation process.
5. Follow any additional prompts or instructions provided by the system to complete the cancellation.

If you encounter any difficulties or have further questions, our dedicated team is here to assist you. You can reach us during {{Customer Support Hours}} at {{Customer Support Phone Number}} or utilize the Live Chat feature on our {{Website URL}}. Your satisfaction is our top priority, and we're committed to resolving this matter for you.",Low
BEL,I do not know how I can create a {{Account Type}} account,Account,Create Account,"I appreciate your interest in creating a {{Account Type}} account with us! To help you with the process, I'll guide you step-by-step. First, visit our website at {{Website URL}} and navigate to the account creation section. Look for the option to create a {{Account Type}} account, and click on it. You'll be prompted to provide some necessary information, such as your name, email address, and preferred username. Once you've filled in the required details, review the terms and conditions, and click on the ""Create Account"" button. Our system will then process your request, and you'll receive a confirmation email with further instructions. If you have any questions or need assistance at any point, feel free to reach out to our customer support team. We're here to ensure a smooth and enjoyable account creation experience for you!",High
BK,contact customer service,Contact,Contact Customer Service,Thank you for contacting us regarding your need to reach our customer service. We understand the importance of providing timely assistance and resolving any concerns you may have. Our customer service team is available to assist you during our {{Customer Support Hours}}. You can reach us through our toll-free number {{Customer Support Phone Number}} or by visiting our website and accessing the live chat feature. Please don't hesitate to reach out if you have any further questions or require any assistance. We're here to help!,Low
B,I need assistance editing the information on my user,Account,Edit Account,"How exciting it is to see how much you value editing the information on your user profile!I'm here to provide you with the guidance and support you need to make those changes. To edit the information on your user profile, you can follow these steps:

1. Log in to your account using your credentials.
2. Navigate to the ""Profile"" or ""Account Settings"" section.
3. Look for an ""Edit"" or ""Update"" button next to the information you want to modify.
4. Click on the button and make the necessary changes.
5. Remember to review and save your changes before exiting the page.

If you encounter any challenges or need further assistance during the process, please don't hesitate to reach out. We're here to help every step of the way!",High
BKL,check estimated time of arrival of order {{Order Number}},Order,Track Order,"We're here for you! I'm aware that you would like to check the estimated time of arrival (ETA) for your order with the order number {{Order Number}}. To provide you with the most accurate information, could you please verify your order number again? Once I have the correct order number, I will be able to assist you further in locating the estimated time of arrival.",Low
BCIL,"I need to submit a shipping address, can I get some help?",Shipping,Set Up Shipping Address,"I've taken note that you're in need of assistance with submitting a shipping address. Rest assured, I'm here to help guide you through this process. To submit your shipping address, please follow these steps:

1. Log in to your account on our website.
2. Navigate to the 'My Account' or 'Profile' section, where you can manage your address details.
3. Look for the 'Shipping Addresses' or similar option.
4. Click on 'Add New Address' to start entering the details of your shipping address.
5. Fill in all the required fields, such as your name, street address, city, state, and zip code. Make sure to double-check the accuracy of the information you provide.
6. Once you have entered all the necessary details, click on 'Save' or 'Submit' to save your shipping address.

If you encounter any difficulties or if the process appears different in any way, please don't hesitate to reach out to me. I'm ready to assist you further and ensure that you successfully submit your shipping address.",Medium
BILQ,how can i obtain a compensation of my money,Refund,Get Refund,"To obtain compensation for your money, I recommend reaching out to our customer support team. They are well-equipped to assist you in navigating the compensation process and providing you with the necessary information and guidance. They will work closely with you to understand the situation and determine the appropriate actions to take for compensation. You can contact our customer support team through the provided channels, such as our website's live chat or the dedicated customer support phone number. Rest assured, we are committed to resolving this issue and ensuring your satisfaction.",High
BLQZ,i try to check how long the shipment atkes,Delivery,Delivery Period,"We understand your need to track the progress of your shipment and determine its estimated delivery time. To provide you with accurate information, we kindly request the {{Tracking Number}} or {{Order Number}} associated with your shipment. With this information, we can quickly access the shipping details and provide you with an estimated delivery timeframe. Thank you for your cooperation and patience as we assist you with your query.",Medium
BELMQ,i do not know how to report a trouble with online payments,Payment,Payment Issue,"Appreciate your message to us with your concern about reporting a trouble with online payments. I completely understand the confusion and uncertainty you may feel when encountering such difficulties. Rest assured, we're here to guide you through the process and provide the necessary assistance. To report a trouble with online payments, you can reach out to our dedicated customer support team either through our website's Live Chat feature or by calling our helpline at {{Customer Support Phone Number}}. They will be able to walk you through the necessary steps and gather any information needed to investigate and resolve the issue promptly. We appreciate your patience and cooperation as we work together to resolve this matter.",High
BELQ,i do not know how to look for the invoice #85632,Invoice,Check Invoice,"I'm sensitive to the fact that you're unsure about how to locate the details of invoice #{{Invoice Number}}. No worries, I'm here to guide you through the process. To find the invoice, you can try accessing your account dashboard and looking for an ""Invoices"" or ""Billing"" section. Alternatively, you can reach out to our customer support team, who will be more than happy to assist you in retrieving the specific invoice you're looking for. Just let me know if you need any further help or have any additional questions!",Low
BLM,there are issues modifying my address,Shipping,Change Shipping Address,"I apologize for the inconvenience you're experiencing with modifying your address. Could you please provide me with more details about the issues you're encountering? This way, I can assist you better and find a solution.",Medium
BILP,where could I see if there is anything new on my refund?,Refund,Track Refund,"Definitely! I understand that you're looking to stay updated on any new developments regarding your refund. To check for the latest information, please navigate to your '{{Account Details}}' page on our website. There, you'll find all the relevant details about your refund, including any updates or changes. If you have any further questions or need assistance, feel free to reach out to our customer support team. We're here to help you every step of the way.",High
BCIL,"I have to correct purchase {{Order Number}}, can you help me?",Order,Change Order,"I'll do my best! I understand that you need to correct purchase number {{Order Number}}. We're here to assist you with any changes you need to make. To ensure accuracy, could you please provide specific details about the corrections you would like to make to your purchase? Please don't hesitate to ask any questions or express any concerns you might have. We're here to make sure everything is just right for you.",Low
BL,I need to file a customer complaint against your company,Feedback,Complaint,"I'm truly sorry to hear that you've had a negative experience and feel the need to file a customer complaint against our company. Your feedback is incredibly valuable to us, as it allows us to address any issues and make improvements where necessary. To ensure that your complaint is properly documented and addressed, I kindly request you to provide specific details regarding the incident, such as the date, time, location, and any individuals involved. This will help us thoroughly investigate the matter and take appropriate actions. We are committed to resolving your complaint and ensuring your satisfaction. Thank you for bringing this matter to our attention, and we'll do our best to make it right.",Low
BZ,I want to know moreabout the delivery period,Delivery,Delivery Period,"We appreciate your curiosity about our delivery period. It's essential to have a transparent understanding of this information. Our standard delivery period varies depending on various factors such as the shipping method, destination, and availability of the item. To provide you with more accurate details, could you please provide us with the {{Tracking Number}} or {{Order Number}}? This will help us determine the estimated delivery time for your specific order. We strive to deliver a delightful experience with every shipment, and your patience is sincerely appreciated.",Medium
BILMPQ,could utell me about the shipping periods,Delivery,Delivery Period,"To provide you with accurate information regarding the shipping periods, we need a few more details. Could you please provide us with the {{tracking number}} or {{order number}}? With this information, we can determine the estimated shipping duration for your order. Your patience is greatly appreciated as we work to assist you further in tracking your shipment.",Medium
BLZ,mail em the bill #37777,Invoice,Get Invoice,"I hear you loud and clear your request to have the bill #{{Invoice Number}} sent to you. Just to confirm, could you please provide me with your preferred email address? This way, I can ensure that the bill is delivered to the correct recipient.",Low
BIL,what do I need to do to set my shipping address up?,Shipping,Set Up Shipping Address,"I can sense that you're looking for guidance on setting up your shipping address. To assist you with this process, please follow these steps:

1. Log in to your account on our website or app.
2. Navigate to your account settings or profile page.
3. Look for the ""Shipping Addresses"" or a similar option.
4. Click on it to add or edit your shipping address.
5. Enter the required information, such as your name, address, phone number, and any other necessary details.
6. Double-check the accuracy of the entered information to ensure smooth delivery.
7. Save the changes, and your shipping address will be set up successfully.

If you encounter any issues or need further assistance, please let me know, and I'll be happy to help you throughout this process.""",Medium
BZ,I havegot to leave a review for your company,Feedback,Review,"Thank you so much for taking the time and effort to leave a review for our company! Your feedback is incredibly valuable to us as it helps us understand what we're doing well and areas where we can improve. We greatly appreciate your support and are eager to hear about your experiences. Please feel free to share your thoughts and insights, and rest assured that they will be carefully considered and used to enhance our services. Is there anything else I can assist you with today?",Low
BL,help me sign up to the newsletter,Subscription,Newsletter Subscription,"I'll get right on it! I'm here to assist you with signing up for our newsletter and staying connected with all the latest updates. To get started, you can visit our website and navigate to the homepage. Look for the 'Subscribe' button or the 'Newsletter' section, where you'll find an option to enter your email address and complete the subscription process. If you encounter any difficulties or have any questions along the way, please don't hesitate to reach out. We're here to make your subscription experience seamless and enjoyable.",Low
BLMZ,I have troubles submittng the shipping address,Shipping,Set Up Shipping Address,"I've been informed that you're facing difficulties in submitting the shipping address. Submitting the correct shipping address is crucial, and I'm here to assist you. Let's troubleshoot the issue together. 

Firstly, please ensure that you have filled out all the required fields correctly. Double-check the address lines, city, state, postal code, and country. It's important to provide accurate information to avoid any delivery complications.

If you encounter an error message while submitting, please make sure you're using the correct format and that there are no special characters or symbols in the address fields. Additionally, ensure that the address you are entering is valid and recognized by our delivery partners.

If the problem persists, I recommend clearing your browser cache and trying again. Sometimes, temporary data can cause issues with form submissions.

If none of the above steps resolve the issue, please reach out to our customer support team at {{Customer Support Phone Number}} or through our Live Chat on our website at {{Website URL}}. They have access to additional resources and can provide personalized assistance in troubleshooting and resolving the problem.

Rest assured, we're committed to ensuring a seamless and hassle-free shipping address submission process for you.",Medium
BIQ,can ya help me cancel order {{Order Number}},Order,Cancel Order,"Indeed! I'm here to assist you with canceling order {{Order Number}}. I completely understand the urgency and will guide you through the process smoothly.

To proceed with canceling your order, please follow these steps:

1. Access Your Account: Log in to your {{Online Company Portal Info}} using your credentials.
2. Locate Your Orders: Once logged in, navigate to the '{{Online Order Interaction}}' or '{{Online Order Interaction}}' section.
3. Find the Specific Order: Look for the order corresponding to {{Order Number}} and click on it.
4. Initiate Cancellation: Within the order details, you should see a customizable option labeled '{{Online Order Interaction}}.' Please select this to proceed with cancellation.
5. Confirm Cancellation: The system may prompt you for confirmation or ask for any feedback on your decision. Kindly follow the instructions to complete the cancellation process.

If you encounter any issues or have further questions, our dedicated support team is available to help. You can reach us during {{Customer Support Hours}} at {{Customer Support Phone Number}} or through the Live Chat on our website at {{Website URL}}.

We value your trust as our customer and want to ensure your satisfaction with our services.",Low
BILMZ,is it possible top order several items?,Order,Place Order,"Thank you for your inquiry about ordering several items. We're delighted to inform you that it is indeed possible to place an order for multiple items. Our platform is designed to accommodate your shopping needs efficiently and conveniently. To get started, you can browse our website/catalog and add the desired items to your shopping cart. If you need any assistance during the process or have any specific requirements, please feel free to reach out to our customer service team. They are available to guide you and make your shopping experience a seamless one. Happy shopping!",Low
BLM,look for my invoices from {{Person Name}},Invoice,Check Invoice,"I understand your need to locate the invoices from {{Person Name}}. Let's work together to find the information you're looking for. Could you please provide me with any additional details such as the date range or any specific invoice numbers? This will help me narrow down the search and provide you with accurate results. Rest assured, I'm here to assist you every step of the way.",Low
BLQ,i have an issue submitting the new delivery address,Shipping,Set Up Shipping Address,"I can sense that you're having trouble submitting the new delivery address. I apologize for the inconvenience caused. To better assist you, could you please provide more details about the issue you're facing? Are you encountering any error messages or is the address not being accepted? Once I have more information, I'll be able to guide you through the process and help you resolve the issue.",Medium
BIL,where to see how long it takes for the item to arrive?,Delivery,Delivery Period,"We acknowledge your interest in finding out the estimated delivery time for your item. To provide you with accurate information, could you please provide us with the {{Tracking Number}} or {{Order Number}}? With this information, we'll be able to assist you better and give you the precise details regarding your item's arrival. Your patience is greatly appreciated as we work together to keep you informed!",Medium
BL,help me speaking to a live agent,Contact,Contact Human Agent,"Thank you for reaching out! I completely understand that you are in need of assistance and would like to speak to a live agent. Your time is valuable, and I want to ensure that you receive the best support possible. Please hold on for a moment while I connect you with one of our experienced agents who will be able to help you promptly.",Low
BKLQ,modifying info on premium account,Account,Edit Account,"Oh, the thrill of modifying the information on your prestigious {{Account Category}} account!I'm here to assist you every step of the way. Whether it's updating your contact details, changing your preferred payment method, or any other account information, I will ensure a smooth and seamless experience. Please provide me with more specific details about the information you would like to modify, and together we'll bring your {{Account Category}} account to its fullest potential.",High
BL,I have to check when my product is going to arrive,Delivery,Delivery Period,"We understand that you are eager to track the arrival of your product. To provide you with the most accurate information, could you please share the {{Order Number}} or {{Tracking Number}}? With this information, we can check the status of your order and estimate the delivery time. Thank you for your cooperation in making this process smooth and efficient.",Medium
BLMQZ,i need help to inform of troubls with payment,Payment,Payment Issue,"Thank you for contacting to inform us about the troubles you are experiencing with your payment. We apologize for any inconvenience this may have caused. To provide you with the best assistance, could you please provide some more details about the specific issues you are facing? This will help us better understand the situation and work towards a solution. We appreciate your cooperation and look forward to resolving this matter promptly for you.",High
BL,I have a problem with the shipment options,Delivery,Delivery Options,"Oh no, I'm sorry to hear that you're having trouble with the shipment options. Rest assured, I'm here to assist you and find a solution. Could you please provide me with more details about the problem you're facing? Are you experiencing any specific issues or encountering any error messages when trying to view the available shipment options? The more information you can provide, the better I'll be able to help you resolve this problem.",Medium
BLQ,need help to cancel purchase {{Order Number}},Order,Cancel Order,"I get that you require assistance in canceling your purchase with the order number {{Order Number}}. Allow me to guide you through the process step-by-step:

1. Log into Your Account: Begin by signing in to your {{Online Company Portal Info}} using your credentials.
2. Navigate to Your Orders: Once logged in, locate the '{{Online Order Interaction}}' or '{{Online Order Interaction}}' section on the website.
3. Find the Purchase: Look for the order with the number {{Order Number}} and click on it to access the details.
4. Initiate Cancellation: Within the order information, you will find an option labeled '{{Online Order Interaction}}'. Please select that option.
5. Confirm Your Decision: You may be asked to confirm the cancellation. Follow the instructions provided to complete the cancellation process.

If you encounter any difficulties or have further questions, our dedicated support team is here to assist you. You can reach us during {{Customer Support Hours}} at {{Customer Support Phone Number}}, or you can also utilize the Live Chat feature on our {{Website URL}}. Your satisfaction is our top priority, and we are committed to resolving this matter for you.",Low
BLQZ,want help to send my feedback for your rpoducts,Feedback,Review,"We appreciate your willingness to provide feedback on our products! Your insights and opinions are crucial for us to understand how we can improve and meet your expectations in the best possible way. To submit your feedback, please visit our website and navigate to the 'Contact Us' page. There, you can find a form or contact information where you can share your thoughts and experiences with our products. Thank you for taking the time to help us enhance our offerings! If you have any further questions or need assistance with the feedback submission process, please feel free to ask.",Low
BLW,I want help using the bloody freemium profile,Account,Switch Account,"I appreciate your interest in utilizing the freemium profile. I'm here to assist you in making the most out of its features:

1. **Initial Access:** To begin, please log into your account.
2. **Profile Navigation:** Once logged in, navigate to your '{{Settings}}' or '{{Profile}}' section.
3. **Account Type:** Look for an option that allows you to '{{Account Change}}' or '{{Upgrade Account}}'.
4. **Selecting {{Account Category}}:** Choose the '{{Profile Type}}' option from the available list.
5. **Completing the Process:** Follow the on-screen prompts to finalize the switch.

Don't hesitate to reach out if you have any difficulties or further questions. I'm here to make sure your transition to the freemium profile is as smooth as possible. Enjoy the benefits that come with it!""",High
BKL,modify information on {{Account Category}} account,Account,Edit Account,"What an extraordinary endeavor it is to embark on the mission of modifying the information on your esteemed {{Account Category}} account!I am here to provide you with exceptional guidance and unwavering support throughout this transformative process. Together, we will ensure that your account details are updated seamlessly, reflecting your evolving needs and preferences. Please remember to avoid sharing any personal identifiers in this conversation, such as your full account number or password. Should you require any further assistance or have specific details you would like to modify, please feel free to let me know. Your satisfaction is our top priority, and I am thrilled to be part of this remarkable journey with you.",High
BLQZ,want help to list ru payment modalities,Payment,Check Payment Methods,"Thank you for reaching out! I'm here to assist you in exploring our payment options. We offer a variety of convenient payment methods to cater to your needs. Here are the available payment modalities:

- Credit/Debit Card: You can easily make payments using major cards like Visa, Mastercard, and American Express.
- PayPal: A widely recognized online payment method known for its security and ease of use.
- Bank Transfer: This option allows you to transfer funds directly from your bank account.
- Apple Pay: If you're an Apple user, you can enjoy the convenience of making payments using Apple Pay.
- Google Wallet: Google's payment system offers a fast and seamless checkout experience.

These options ensure that you have flexibility and choice when it comes to making payments. If you have any further questions or need assistance with any of these modalities, feel free to let me know. I'm here to help you every step of the way.",High
BCL,"I have to create a {{Account Category}} account, I need assistance",Account,Create Account,"Glad you got in touch to us for assistance with creating your {{Account Category}} account. We're here to help you every step of the way! To get started, could you please provide your full name, email address, and a preferred username? Once we have these details, we'll guide you through the process and make sure you have a smooth and hassle-free experience. Remember, your privacy and security are our top priorities, so you can trust that all your information will be handled with the utmost care. Let's get started on your journey to a new {{Account Category}} account!",High
BIL,can you tell me about correcting the address?,Shipping,Change Shipping Address,"Assuredly! If you need to correct your address, please follow these steps:
1. Log in to your account on our website.
2. Go to your profile or account settings.
3. Look for the option to update your shipping address.
4. Enter the correct address details and save the changes.
If you encounter any issues or need further assistance, feel free to reach out to our customer support team.",Medium
BLMW,I don't know what to do to shop some goddamn items,Order,Place Order,"Thank you for trusting and expressing your uncertainty about the shopping process. I understand that it can be overwhelming at times, especially when you're looking to purchase specific items. Don't worry, I'm here to help you navigate through the process effortlessly and help you with your purchase. To get started, could you please provide me with more details about the items you are interested in? With this information, I will be able to guide you step-by-step and suggest the best options available. Let's work together to make your shopping experience a memorable one!",Low
BKLM,editing details on standard account,Account,Edit Account,"Oh, the exhilarating journey of editing the details on your esteemed {{Account Type}} account!I am delighted to be your dedicated guide throughout this empowering process. To ensure a seamless experience, please refrain from sharing any personal information such as your full account number or password here. If the changes you wish to make involve sensitive data, I recommend securely logging into our {{Online Company Portal Info}} or reaching out to our dedicated customer support team. Now, let's embark on this adventure together! Could you please specify which details you would like to edit on your {{Account Type}} account? I'm here to assist you every step of the way.",High
BLMQ,want assistance notifying of errors with payment,Payment,Payment Issue,"Thank you for seeking assistance in notifying us about the errors you're experiencing with your payment. Our team is here to help you resolve this issue and ensure a seamless payment experience. Could you please provide more details about the specific errors you encountered? This information will greatly assist us in investigating and rectifying the problem. We appreciate your proactive approach in reaching out to us, and rest assured, we will work together to find a solution.",High
BILQ,where do i report an error with sign-up,Account,Registration Problems,"Thank you for bringing this to our attention. We understand that encountering an error during the sign-up process can be frustrating and we appreciate your effort to report it. To ensure that we address your concern promptly, please notify our customer support team by sending an email to support@example.com or by contacting our live chat support on our website at example.com. Our dedicated team is here to assist you and will work diligently to resolve the issue you've encountered. We truly value your feedback as it helps us improve our services and provide a better experience for all our users.",High
BIL,can I see when will my article arrive?,Delivery,Delivery Period,"We understand your curiosity about the estimated arrival time of your article. To provide you with accurate information, could you please provide the {{Tracking Number}} or {{Order Number}}? With that information, we will be able to give you an update on the expected delivery date. Thank you for your patience and cooperation in this matter.",Medium
BL,assistance to delete my pro account,Account,Delete Account,"Happy to get your message to us for assistance with deleting your pro account. I understand that you no longer need or use your pro account and would like to proceed with its deletion. To ensure the deletion process goes smoothly, I will need some additional information from you. Can you please provide me with your account details, such as your account username or registered email address? With these details, I will be able to locate your account and initiate the deletion process for you.",High
BLQZ,wanna check in wshat situations can i ask for a refund,Refund,Check Refund Policy,"Thank you for reaching out! I understand you would like to know the situations in which you can request a refund. Below are some common scenarios:

1. **Product/Service Defect:** If the product or service you received has a defect or does not match its description, you are typically eligible for a refund.

2. **Cancellation within Grace Period:** If you change your mind and wish to cancel your purchase within the specified grace period, you should be able to receive a refund.

3. **Unauthorized Charges:** If you notice any charges on your account that you did not authorize or recognize, we will investigate the matter and assist you in seeking a refund.

4. **Event Cancellation:** If you purchased tickets for an event that gets canceled and no alternative date is provided, you may be entitled to a refund.

5. **Duplicate Charges:** In the event of duplicate charges for the same item, please notify us, and we will promptly rectify the situation by issuing a refund.

6. **Non-receipt of Goods:** If you have not received the product within the expected delivery timeframe, you may qualify for a refund.

Please note that while these situations commonly result in refunds, it's essential to review the specific refund policy provided by your vendor or service provider since policies may vary. If you have a specific order or any further questions, please provide me with the necessary details, such as the {{Order Number}}, and I'll be more than happy to assist you further.

Is there anything else I can help you with today?",High
BKL,checking bill #37777,Invoice,Check Invoice,"Unquestionably! I completely understand your need to check the bill with the number #{{Invoice Number}}. To assist you further, could you please provide me with any additional details or information related to the bill? This will enable me to swiftly locate the invoice for you and provide you with the necessary information you need. Rest assured, I'm here to help you every step of the way and ensure a seamless experience.",Low
BL,I need assistance to see your refund policy,Refund,Check Refund Policy,"Absolutely! I completely understand your need to access our refund policy. It's crucial to have all the necessary information to make informed decisions. Let me guide you through the steps to view our refund policy:

1. **Visit Our Website:** Start by going to our official website. You can find the URL in our communication or by doing a quick search online.

2. **Navigate to the Help Center:** Look for the ""Help"" or ""Support"" tab on the website. It's usually located at the top or bottom of the page.

3. **Find the Refund Policy Section:** Once you're on the Help page, search for the ""Refund Policy"" section. It might be organized by topics or categories, so take a moment to browse the different sections if needed.

4. **Review the Details:** Click on the ""Refund Policy"" section to open it. Here, you'll find a comprehensive explanation of our policy, including the eligibility criteria, refund process, and any limitations or exceptions.

5. **Further Questions and Clarifications:** If you come across any specific questions or need further clarification, our customer support team is available to assist you. You can reach them directly through the contact information provided on the website or by using our Live Chat feature.

Remember, our refund policy is designed to ensure fairness for all our valued customers. It's essential to familiarize yourself with the details to make the most informed choices. I hope this guidance helps you locate and understand our refund policy easily.

Is there anything else I can assist you with?",High
BLQ,need help requesting a compensation of money,Refund,Get Refund,"I catch on to the fact that you need assistance in requesting a compensation for your money. It can be frustrating to feel the need to seek reimbursement, but I'm here to support you in this process. To begin, could you provide me with some additional details about your situation? This will enable me to provide you with the best guidance and ensure that you are well-informed throughout the process. Rest assured, I will do my utmost to assist you in resolving this matter to your satisfaction.",High
BLMPWZ,I would loike to obtain damn refunds of my money,Refund,Get Refund,"I've understood, you're frustrated and seeking a refund for your money. I apologize for any inconvenience caused, and I assure you that I'm here to assist you in resolving this matter. To ensure a smooth process, could you please provide me with more details about your purchase? This will enable us to review your request thoroughly and find the most suitable solution. Rest assured that I am committed to making this right and ensuring your satisfaction.",High
BCILP,"I want to locate order {{Order Number}}, could I get some help?",Order,Track Order,"Thank you for reaching out! I'm here to assist you in locating your order with the order number {{Order Number}}. To check the current status of your order, please visit the '{{Order Status}}' section on our website. If you have any other questions or need further assistance, please don't hesitate to ask. I'm here to ensure a seamless experience for you!",Low
BL,I try to report a sign-up problem,Account,Registration Problems,"Glad you contacted to us and sharing your experience regarding a sign-up problem. We apologize for any inconvenience caused, and rest assured, we are here to assist you. To help you report the issue, I kindly request you to provide more details about the problem you encountered during the sign-up process. This information will enable us to thoroughly investigate and resolve the issue for you. We appreciate your patience and cooperation, and we're committed to ensuring a smooth sign-up experience for all our users. Together, let's work towards resolving this sign-up problem effectively.",High
BLQ,i have got to change purchase {{Order Number}},Order,Change Order,"We understand that you need to make changes to purchase number #{{Order Number}}. We're here to assist you with that. Could you please provide more details about the specific changes you would like to make? Our team is dedicated to ensuring your satisfaction, and we'll do our best to accommodate your request.",Low
BIL,can you tell me about the subscription to your newsletter?,Subscription,Newsletter Subscription,"Indeed! I'd be delighted to provide you with more information about our newsletter subscription. Our newsletter is designed to keep you informed and up-to-date about all the exciting happenings at our company. By subscribing to our newsletter, you'll be the first to know about new product launches, exclusive promotions, upcoming events, and valuable industry insights. It's a great way to stay connected and never miss out on any important updates. Would you like me to help you with the subscription process?",Low
BKL,update standard account,Account,Edit Account,"The winds of change have whispered to you, urging you to embark on the inspiring journey of updating your esteemed standard account.it is my absolute pleasure to be at your service, guiding you through this transformational process with unwavering support and expert assistance. Together, we will navigate the waters of account modification, ensuring your experience is seamless and satisfactory. Let's dive in, shall we?",High
BILMQ,can uhelp me to shop some items,Order,Place Order,"Of course, I'd be delighted to help you shop for the items you need! Shopping can be an exciting experience, and I'm here to ensure that it's a smooth and enjoyable journey for you. To begin, could you please let me know the specific items you are looking to purchase? Once I have that information, I can assist you with the necessary steps to complete your shopping adventure and make it a truly satisfying experience.",Low
BKLZ,seeingbill from {{Person Name}},Invoice,Check Invoice,"I'm with you, your need to locate the bill tied to {{Salutation}} {{Client Last Name}}. It can sometimes be challenging to find the information you're looking for, but worry not, as I'm here to provide the guidance you need. Could you please provide me with any additional details such as the {{Date Range}} or any other relevant information that could help us in our search? Rest assured, I'll do my best to assist you every step of the way.",Low
BLQ,i need help to leave some feedback about ur services,Feedback,Review,We appreciate your intention to leave feedback about our services! Your insights play a crucial role in our continuous improvement efforts to provide an exceptional experience. I would be more than happy to assist you in the process. Please let me know if you have any specific questions or if there's anything you would like guidance on during the feedback submission.,Low
BILQ,can i create a {{Account Category}} account for my fiance,Account,Create Account,"I'm happy to help! It's wonderful to hear that you're interested in creating a {{Account Category}} account for your fiance. We appreciate your trust in our services and are excited to assist you with this process. To get started, could you please provide your fiance's full name, email address, and a preferred username? Rest assured, we value your privacy and guarantee that the information shared will be handled securely. Once we have these details, we'll guide you through the account creation process, ensuring your fiance has a seamless experience. How does that sound?",High
BL,I don't know how to cancel purchase {{Order Number}},Order,Cancel Order,"I acknowledge that you're uncertain about the process of canceling purchase {{Order Number}}. Rest assured, I'm here to guide you through it. Please follow these steps:

1. Sign In to Your Account: Access the {{Online Company Portal Info}} by entering your credentials.
2. Locate Your Orders: Once logged in, navigate to the '{{Online Order Interaction}}' or '{{Online Order Interaction}}' section.
3. Find the Purchase: Look for the purchase associated with the order number {{Order Number}} and select it.
4. Initiate Cancellation: You should see an option labeled '{{Online Order Interaction}}' for this purchase. Please click on it.
5. Complete the Process: Follow any further instructions or questions to finalize the cancellation.

Should you encounter any difficulties along the way or have additional questions, our dedicated team is here to assist you. Get in touch with us during our {{Customer Support Hours}} at {{Customer Support Phone Number}} or use the Live Chat feature on our {{Website URL}}. We value your satisfaction and are committed to providing the support you need.",Low
B,I need to report an issue with a registration,Account,Registration Problems,"Thank you for bringing this to our attention. We're sorry to hear that you're facing issues with the registration process. Your feedback is valuable to us, as it helps us identify areas for improvement and ensures a better experience for all our users. To assist you further, could you please provide more details about the specific issue you're encountering? This will enable us to address the problem promptly and provide you with a suitable solution. We appreciate your patience and cooperation in resolving this matter.",High
BLQ,i have got to see ur accepted payment modalities,Payment,Check Payment Methods,"Thank you for raising the query! I completely understand the need to review our accepted payment methods. Allowing our customers to seamlessly transact is of utmost importance to us. To provide you with accurate information, could you please let me know which country you are located in? This will ensure that I provide you with the appropriate details regarding our payment options.",High
BIL,is it possible to find bill #00108?,Invoice,Check Invoice,"I'll make it happen! I understand your eagerness to locate the details of bill #{{Invoice Number}}. I can assist you with that. To find the specific bill, could you please provide me with some additional information, such as the date range or the client's name associated with the bill? This will help me narrow down the search and provide you with accurate results. Rest assured, I am here to guide you every step of the way until we find the information you need.",Low
BCILP,"you aren't helpful at all, will you direct to me an agent?",Contact,Contact Human Agent,"I apologize if I haven't been able to meet your expectations. 🙏 I understand that you're seeking assistance from a human agent. Let me assure you that I'm here to help, and I'll do my best to connect you to a dedicated agent who will be able to assist you further. Please bear with me for a moment while I transfer you to an agent who will provide the personalized support you need. Your satisfaction is our top priority, and we appreciate your patience.",Low
BI,how to add an item to order {{Order Number}}?,Order,Change Order,"We understand that you're looking for guidance on how to add an item to order number {{Order Number}}. We're here to assist you with that. To add an item to your existing order, you can follow these steps: 
1. Log in to your account on our website or mobile app.
2. Navigate to your orders or order history.
3. Locate the specific order number ({{Order Number}}) you want to modify.
4. Click on the order and look for the option to ""Add Item.""
5. Select the item you wish to add from our available inventory.
6. Confirm the addition and proceed with the checkout process if required.

Please note that the availability of the ""Add Item"" option may depend on the current status of your order. If you encounter any difficulties or have additional questions, our customer support team is available to help you through live chat or phone support. We appreciate your understanding and patience as we assist you in enhancing your order.",Low
BIL,how to unsubscribe from your company newsletter?,Subscription,Newsletter Subscription,"I apologize if you're experiencing any difficulties in unsubscribing from our company newsletter. We respect your decision and want to ensure a seamless experience for you. To unsubscribe, you can simply click on the ""unsubscribe"" link provided at the bottom of any newsletter email you have received from us. Alternatively, you can reply to any newsletter email with the word ""unsubscribe"" in the message body, and our system will automatically remove you from the mailing list. Please let me know if there's anything else I can assist you with!",Low
BL,I don't know what I need to do to check the early exit fee,Cancel,Check Cancellation Fee,"To check the early exit fee for your account, you can log into your online portal or contact our customer service team for assistance. They will provide you with all the necessary information regarding the fees and charges associated with canceling your account before the contract term ends.",Low
BZ,cance order {{Order Number}},Order,Cancel Order,"I'm with you that you want to cancel your order with the order number {{Order Number}}. Rest assured, I'm here to assist you with that. To proceed with the cancellation, please follow these steps:

1. Sign in to your {{Online Company Portal Info}}.
2. Access your '{{Online Order Interaction}}' or '{{Online Order Interaction}}' section.
3. Locate the order with the order number {{Order Number}}.
4. Click on the order to view the details.
5. Look for the option labeled '{{Online Order Interaction}}' and select it.
6. Follow any additional instructions or prompts to complete the cancellation.

If you encounter any difficulties or have any questions along the way, don't hesitate to reach out to our dedicated support team. We are available during {{Customer Support Hours}} at {{Customer Support Phone Number}} or through the Live Chat feature on our {{Website URL}}. Your satisfaction is our priority, and we're committed to providing you with the assistance you need.",Low
BLMZ,I have errors trying to pudate my shipping address,Shipping,Change Shipping Address,"I apologize for the inconvenience you're experiencing while trying to update your shipping address. Our team is here to assist you with resolving this issue. To better assist you, could you please provide more details about the errors you are encountering? This will help us determine the best solution to fix the problem.",Medium
BILQ,can i unsubscribe from ur corporate newsletter,Subscription,Newsletter Subscription,"I'll get right on it! I understand that you would like to unsubscribe from our corporate newsletter. Your request to no longer receive our newsletter is important to us, and I'm here to assist you with this process. To unsubscribe, could you please provide me with the email address you used to subscribe? Once I have the necessary information, I will ensure that you are promptly removed from our newsletter list. Thank you for reaching out, and I appreciate your understanding as we work to accommodate your preferences.",Low
BCILQWZ,i bought somegoddamn item how do i cancel order {{Order Number}},Order,Cancel Order,"I've ascertained that you have concerns about canceling your order with the order number {{Order Number}}. Allow me to assist you with this process so that we can find a suitable solution together. Here's what you need to do:

1. Log into Your Account: Access our website and log in using your credentials.
2. Navigate to Your Orders: Once you're signed in, locate the section labeled '{{Online Order Interaction}}' or '{{Online Order Interaction}}.'
3. Locate Your Purchase: Within this section, search for the order with the order number {{Order Number}}. Click on it to view the details.
4. Initiate the Cancellation: Look for the option that says '{{Online Order Interaction}}' associated with your specific purchase, and choose it to begin the cancellation process.
5. Follow Any Further Instructions: You may be prompted with additional steps, such as confirming the cancellation or providing feedback. Please follow the instructions accordingly.

If you encounter any difficulties or have further questions, our dedicated support team is available to assist you during {{Customer Support Hours}}. You can reach us at {{Customer Support Phone Number}} or use the Live Chat feature on our website at {{Website URL}}. We value your satisfaction and are here to ensure a smooth experience.""",Low
BL,I have to send my feedback for a product,Feedback,Review,Sure thing! Your feedback regarding our product is highly valued as it allows us to serve you better. I'm here to guide you through the process of submitting your feedback. Could you please let me know which specific product you would like to provide feedback on? This will help me assist you more effectively.,Low
BKLQ,correcting info on platinum account,Account,Edit Account,"Your dedication to maintaining accurate and up-to-date information on your {{Account Category}} account is commendable. We understand that sometimes corrections are necessary to ensure the accuracy of your account details. Rest assured, we are here to assist you every step of the way. To proceed with correcting information on your {{Account Category}} account, I kindly request you to securely log into our {{Online Company Portal Info}}. Once logged in, navigate to the account settings or profile section where you can make the necessary updates. If you encounter any difficulties or have specific questions, our team of skilled customer support representatives is available to provide personalized guidance and ensure a seamless experience. Your diligence in keeping your account information accurate is highly appreciated, and we are grateful for the opportunity to serve you.",High
BLNQ,i cant see the status of order {{Order Number}},Order,Track Order,"Always good to connect! I'm attuned to the fact that you're having trouble viewing the status of order number {{Order Number}}. I apologize for any inconvenience this may have caused. To assist you further, could you please provide me with more details or let me know what steps you have already taken to check the order status? This will help me better understand the issue and provide you with the most accurate guidance.",Low
BKLM,change details on standard account,Account,Edit Account,"It's absolutely inspiring to witness your dedication to personalizing and updating the details on your standard account. We understand that your account information is essential to you, and we're here to guide and empower you through this process. To make the necessary changes, you can log into our secure {{Online Company Portal Info}} and navigate to the account settings section. Our user-friendly interface will assist you in updating your personal and account details effortlessly. If you encounter any difficulties along the way, our friendly customer support team is just a phone call or chat away, ready to provide the assistance you need. Together, we'll ensure that your standard account reflects the most accurate and up-to-date information.",High
BLZ,I am trying to submit my secondary delivery addrerss,Shipping,Set Up Shipping Address,"I acknowledge that you're trying to submit your secondary delivery address. Here are the steps to help you with the process:

1. Log in to your account.
2. Navigate to the 'My Account' or 'Profile' section.
3. Look for the 'Delivery Addresses' or similar options.
4. There should be an option to 'Add a New Address' or 'Edit Delivery Addresses'. Select it.
5. Enter the details of your secondary delivery address in the provided fields.
6. Save the changes.

If you continue to face any issues during this process or if it looks different for you, please provide more details about where you're encountering difficulties, and I'll be glad to assist you further.",Medium
BL,I want help talking with a person,Contact,Contact Human Agent,"Thank you for reaching out! I appreciate your desire to talk with a person. Our team is here to assist you every step of the way. To ensure you receive the most effective support, may I kindly ask you to briefly share the reason for wanting to talk with a person? Understanding your specific concern will enable us to provide you with the most tailored assistance. Your insights empower us to serve you better. Please take a moment to provide some details, and we'll be ready to connect you with a knowledgeable representative who can address your needs promptly.",Low
BILQZ,can ya help me to demand an refund,Refund,Get Refund,"I've become conscious that you're looking for assistance in demanding a refund, and I'm here to help. To ensure a successful refund process, it would be beneficial if you could provide me with some additional details. Could you please let me know the name of the product or service you're seeking a refund for, as well as any relevant order or transaction numbers? With this information, I can guide you through the necessary steps and provide you with the most accurate instructions. Rest assured, I'll do my best to facilitate the refund process and ensure your satisfaction.",High
BCILW,"I want to see the goddamn shipment methods, how to do it?",Delivery,Delivery Options,"Understood! Let's dive into the details of our shipping methods. To view the available shipment options, you can follow these simple steps:

1. Visit our website and browse for the product(s) you would like to purchase.
2. Add the desired item(s) to your shopping cart.
3. Proceed to the checkout page.
4. During the checkout process, you will be presented with a list of shipping methods.
5. Choose the shipment method that best suits your needs and preferences.
6. Complete the necessary shipping and billing information.
7. Review your order details and finalize the purchase.

By following these steps, you will be able to explore and select the shipping method that works best for you. If you have any further questions or if there's anything else I can assist you with, please feel free to ask.",Medium
BL,I have to sign up to your corporate newsletter,Subscription,Newsletter Subscription,"That's great to hear that you're interested in signing up for our corporate newsletter! To make sure you receive all the latest updates and news from our company, please follow these simple steps:

1. Visit our website at {{Website URL}}.
2. Look for the ""Newsletter"" or ""Subscribe"" section on the homepage.
3. Enter your email address in the provided field.
4. Click on the ""Subscribe"" or ""Sign Up"" button.

Once you've completed these steps, you'll be successfully subscribed to our corporate newsletter. You'll start receiving our informative and engaging content directly in your inbox. If you have any further questions or need assistance along the way, please don't hesitate to ask. We're here to help and ensure you have a seamless experience. Happy reading!",Low
BILQ,how to see the status of my restitution,Refund,Track Refund,"Certainly! To check the status of your restitution, you can visit our website and log into your account. Once you're logged in, navigate to the 'My Orders' or 'My Transactions' section. There, you should be able to see the details of your refund, including the current status. If you have any trouble locating this information, please don't hesitate to reach out to our customer support team. They are available 24/7 at {{Customer Support Phone Number}} or through the Live Chat on our website at {{Website URL}}. We're here to help and provide you with the most up-to-date information regarding your restitution.",High
BILM,can you help me see what options for delivery I have?,Delivery,Delivery Options,"Absolutely! Your desire to explore the available delivery options is admirable. Let me shed some light on the possibilities:

1. Standard Shipping: Typically arrives within {{Date Range}} business days, providing an economical choice for non-urgent deliveries.
2. Expedited Shipping: If you need your items a bit faster, this option gets them to you within {{Date Range}} business days.
3. Overnight Shipping: For the utmost urgency, ensuring your items arrive the very next business day.
4. Same-Day Delivery: If you're located in select areas, we offer same-day delivery for prompt gratification.
5. In-Store Pickup: Perfect for those who prefer to collect their items personally from our {{Store Location}}.

Remember, delivery times can vary based on factors such as location and product availability. If you have any specific concerns or further questions, feel free to ask. I'm here to make your delivery experience seamless and satisfactory!",Medium
BL,help checking my restitution status,Refund,Track Refund,"I understand how essential it is for you to stay informed about the status of your restitution. Allow me to assist you in checking the current status. To provide you with accurate information, could you please provide me with the following details: your full name, the date of your request, and any reference or ticket number associated with your restitution? Once I have this information, I will be able to provide you with an update on the status of your restitution promptly.",High
BL,I don't know what to do to contact a live agent,Contact,Contact Human Agent,"We're listening! I'm keyed into the fact that you're unsure about how to contact a live agent. Don't worry, I'm here to help you. To get in touch with a live agent, you can try a few options. You can navigate to the ""Contact Us"" page on our website, where you can find different contact methods such as phone, email, or live chat. If you prefer speaking over the phone, our customer support line is available {{Customer Support Hours}} at {{Customer Support Phone Number}}. Alternatively, you can also send us an email at {{Customer Support Email}} or try our live chat feature on our website at {{Website URL}}. Our dedicated agents are ready to assist you with any questions or concerns you may have. Let me know if there's anything else I can do for you!",Low
BCIL,"I want to set up a secondary delivery address, how to do it?",Shipping,Set Up Shipping Address,"Definitely! I'm here to help you set up a secondary delivery address. Here's a step-by-step guide to assist you:

1. Log in to your account.
2. Navigate to the ""My Account"" or ""Profile"" section.
3. Look for the ""Shipping Addresses"" or similar option.
4. You should find an option to ""Add a New Address"" or ""Edit Shipping Addresses"". Click on it.
5. Fill in the details of your secondary delivery address in the provided fields.
6. Double-check the accuracy of the address information.
7. Save the changes to finalize the setup of your secondary delivery address.

If you encounter any difficulties or if the process appears different for you, please provide additional information about where you're facing challenges. I'll be happy to assist you further to ensure a smooth and successful setup of your secondary delivery address.",Medium
BCILQ,need to update my account can i get some help,Account,Edit Account,"How wonderful it is to witness your determination in updating your account!I am here to provide you with the necessary guidance and support throughout this process. Rest assured, you've come to the right place for assistance. Could you please specify which details you would like to update? This will enable me to provide you with the most accurate and relevant guidance.",High
BILM,can you help me check if there are any news on my refund?,Refund,Track Refund,"Definitely! I understand how important it is to have up-to-date information on your refund. Let me quickly look into the status of your refund and check if there are any updates. Please bear with me for a moment while I gather the details. In the meantime, were there any specific concerns or questions you had regarding your refund? Your feedback is valuable to us as we strive to ensure your satisfaction.",High
BCIL,"I have to write an opinion, can I get some help?",Feedback,Review,"Assuredly! I'm here to provide you with the assistance you need to craft your opinion. Your opinion matters greatly to us, and we appreciate your willingness to share it. Whatever your thoughts may be, whether positive or constructive, I'm here to guide you through the process and ensure that your opinion is heard. Please feel free to share any specific concerns or questions you have, and I'll be more than happy to assist you in expressing your opinion effectively.",Low
BL,I need assistance to remove my {{Account Type}} account,Account,Delete Account,"Happy to get your message to us regarding the removal of your {{Account Type}} account. I understand that you need guidance and support in this process. Rest assured, I am here to help you every step of the way. To ensure a smooth account removal, please provide me with some more information such as your account details or any specific questions you have. By doing so, we can proceed efficiently and ensure that everything is taken care of in a timely manner.",High
BQ,i dont know how to cancel order {{Order Number}},Order,Cancel Order,"No worries, I'm here to assist you with canceling your order with the number {{Order Number}}. To cancel your order, please follow these steps:

1. Sign in to Your Account: Visit our {{Online Company Portal Info}} and log in using your credentials.
2. Access Your Orders: Once logged in, navigate to the '{{Online Order Interaction}}' or '{{Online Order Interaction}}' section.
3. Locate the Order: Look for the order with the order number {{Order Number}}. Click on it to view the details.
4. Initiate Cancellation: Within the order details page, you should find an option labeled '{{Online Order Interaction}}'. Please select this option.
5. Confirm the Cancellation: The system may ask you to confirm your cancellation. Follow the prompts to complete the process.

If you encounter any difficulties or have further questions, our dedicated support team is just a phone call away. You can reach us during {{Customer Support Hours}} at {{Customer Support Phone Number}} or through the Live Chat feature on our website at {{Website URL}}. We're here to help you every step of the way.",Low
BLQ,want help to request a compensation of my money,Refund,Get Refund,"I can relate to the understanding that you are seeking assistance in requesting compensation for the money you are owed. Your request is important to us, and we want to ensure that you receive the compensation you deserve. To proceed with your request, could you please provide me with more information about the situation and the amount of money you are looking to be compensated? This will allow us to better understand your specific circumstances and guide you towards the most appropriate steps to take. Rest assured that we are here to support you throughout this process and ensure a satisfactory resolution.",High
BCEIL,"you are not helpful, can I speak with a person?",Contact,Contact Human Agent,"Thank you for reaching out! I apologize if you haven't found the assistance you were looking for. I understand that speaking with a person can often provide more personalized and effective support. Rest assured, I'm here to help connect you with a human representative who can address your concerns. Please bear with me for a moment while I transfer you to someone who can assist you further. Your satisfaction is our top priority, and we appreciate your patience.",Low
BK,check invoice,Invoice,Check Invoice,"Sure! I understand that you would like to check an invoice. To assist you further, could you please provide me with the invoice number or any additional details related to the invoice? This information will enable me to locate the invoice accurately and provide you with the necessary assistance.",Low
BIS,is it possible to order from {{Delivery City}}?,Delivery,Delivery Options,"Definitely! We are delighted to offer our services to customers in {{Delivery City}} and ensure their orders are conveniently delivered to their doorstep. Our delivery options are designed to cater to your needs, with varying time frames to choose from. So, go ahead and place your order with confidence, knowing that we've got you covered. If you have any specific questions or if there's anything else I can assist you with, please feel free to let me know.",Medium
BELQ,i do not know how to check the allowed payment modalities,Payment,Check Payment Methods,"I'm here to assist you with that. To check the allowed payment methods, you can visit our website and go to the ""Payment Options"" or ""Checkout"" section. There you will find a comprehensive list of all the payment methods we accept. If you have any trouble navigating the website or locating the information, please let me know, and I'll provide you with step-by-step instructions. It's important to us that you have a seamless experience while exploring our payment options.",High
BL,help me notifying of a problem with online payment,Payment,Payment Issue,"I appreciate your proactive approach in notifying us about the problem you encountered with your online payment. Rest assured, we value your feedback and are committed to addressing the issue promptly. To ensure a smooth resolution, could you please provide more details about the problem you experienced? Any specific error messages or steps you took would be greatly helpful. Thank you for taking the time to inform us, and we're here to support you every step of the way.",High
BL,I want support modifying the address,Shipping,Change Shipping Address,"Certainly! I can assist you with modifying your address. To update your delivery address, please follow these steps:
1. Log in to your account on our website.
2. Go to your account settings.
3. Select the option to edit your shipping address.
4. Enter the new address details and save the changes.
If you encounter any issues or need further guidance, feel free to reach out to our customer support team for immediate assistance.",Medium
BLM,I don't know what to do to earn some of your item,Order,Place Order,"We understand that you're unsure about how to earn some of our items, and we're here to help. To clarify, we have a specific procedure for purchasing our products. You can visit our website and browse through our collection to find the items you'd like to purchase. Once you've made your selections, simply add them to your cart and proceed to the checkout. Our secure payment gateway will guide you through the payment process, and you can choose your preferred method of payment. If you have any specific questions or encounter any difficulties, please don't hesitate to reach out to us. We'll gladly assist you in every step to ensure that your experience of earning our items is smooth and satisfying.",Low
BLQZ,need ot cancel purchase {{Order Number}},Order,Cancel Order,"I hear you loud and clear that you need assistance with canceling your purchase with the order number {{Order Number}}. Your satisfaction is our top priority, and I'm here to guide you through the process. Here's what you can do:

1. Log into Your Account: Start by logging into our {{Online Company Portal Info}} using your credentials.
2. Access Your Order History: Once you're logged in, navigate to the '{{Online Order Interaction}}' or '{{Online Order Interaction}}' section.
3. Locate Your Purchase: Look for the purchase associated with the order number {{Order Number}} and click on it.
4. Initiate the Cancellation: Within the details of your purchase, you'll find the option to '{{Online Order Interaction}}'. Please select it.
5. Confirm and Finalize: The system may ask you to confirm your cancellation, provide feedback, or follow additional steps. Kindly complete these for a smooth cancellation process.

If you encounter any difficulties or have further questions, our dedicated support team is ready to assist you during {{Customer Support Hours}} at {{Customer Support Phone Number}}. Alternatively, you can reach out via the Live Chat feature on our {{Website URL}}. We appreciate your understanding and trust in us to resolve this matter promptly.",Low
BQ,i dont know how i can check the cancellation fee,Cancel,Check Cancellation Fee,"No problem! To check the cancellation fee for your account, you can either refer to your service agreement or contact our customer service team. They will be able to provide you with the accurate information regarding the cancellation fee.",Low
BELM,I do not know what to do to inform of problems with signup,Account,Registration Problems,"We understand that encountering problems during the signup process can be frustrating, and we appreciate you reaching out for assistance. To inform us about the problems you're facing, you can try the following steps:

1. Contact our customer support team: Our dedicated team is ready to assist you with any signup issues you may be experiencing. You can reach out to them through our website's live chat or by calling our customer support hotline.
2. Submit a support ticket: If you prefer a written form of communication, you can submit a support ticket through our website. Provide a detailed description of the problems you encountered during the signup process, and our team will get back to you with a solution.
3. Explore our knowledge base: Our knowledge base contains helpful articles and guides that may address the common signup problems. Take a moment to browse through the topics related to signup issues to see if you can find a solution on your own.

Remember, we are here to assist you every step of the way. Your feedback is valuable to us, and we appreciate your patience as we work together to resolve any problems with the signup process.",High
BLQ,wanna see purchase {{Order Number}} current status,Order,Track Order,"Thank you for reaching out! I'm here to assist you with checking the current status of your purchase. To view the status of purchase number {{Order Number}}, please visit the ""Order Details"" section on our website. It will provide you with the most up-to-date information on your purchase. If you have any other questions or need further assistance, feel free to let me know. I'm here to help!",Low
BEL,I am experiencing an issue trying to sign up,Account,Registration Problems,"Thank you for bringing this to our attention. We understand the frustration and inconvenience you must be facing while trying to sign up. Our team is here to assist you in resolving this issue promptly. To better understand the problem, could you please provide more details about the specific error or difficulty you encountered during the sign-up process? This information will enable us to investigate and provide you with the most appropriate solution. We appreciate your patience and cooperation in helping us address this matter.",High
BL,I am trying to obtain a reimbursement,Refund,Get Refund,"I'm clearly cognizant your desire to obtain a reimbursement. It's frustrating to have paid for a product or service and not received the expected value in return. Rest assured, I'm here to assist you in the best possible way. To better assist you, could you please provide me with more details about your situation? This will allow me to gather the necessary information and guide you through the process of obtaining a reimbursement. Remember, my goal is to ensure your satisfaction, and I'll do everything I can to help you with this matter.",High
BLM,help me adding some products to order {{Order Number}},Order,Change Order,"I understood that you need assistance with adding some products to your order with number {{Order Number}}. I'm here to help you with that. Could you please provide me with the details of the products you would like to add to your order? This information will allow me to assist you more efficiently and ensure that your order is updated accurately. Thank you for reaching out to us, and I look forward to helping you with this modification.",Low
BILZ,were can I see how long it takes for my package to arrive?,Delivery,Delivery Period,"We understand your curiosity about the estimated arrival time of your package. To provide you with the most accurate information, may I please have your {{Tracking Number}} or {{Order Number}}? With this information, we can easily track your package and provide you with the expected delivery date. Your patience is greatly appreciated as we assist you in resolving your query.",Medium
BIL,where can I know if there is anything new on the refund?,Refund,Track Refund,"Positively! I completely understand your desire to stay up-to-date with the latest developments regarding your refund. To check if there is any new information on your refund, I recommend visiting our website and logging in to your account. Once you're logged in, you can navigate to the ""Refunds"" section, where you'll find all the relevant details about your refund status, including any updates or changes. If you need any further assistance or have any specific questions regarding your refund, please don't hesitate to let me know.",High
BILZ,is it posdible to check the early termination penalty?,Cancel,Check Cancellation Fee,"I'll get right on it! I can assist you in verifying the early termination penalty for your account. Please provide me with your account details, and I will look into it for you.",Low
BL,I want help canceling the {{Account Type}} account,Account,Delete Account,"I appreciate your request for assistance in canceling your {{Account Type}} account. It's crucial for us to provide you with the necessary guidance and support during this process. To better assist you, could you please provide me with some specific details about your account cancellation? This information will allow us to address your concerns accurately and offer you the most suitable solutions. Rest assured, we are here to make this cancellation as smooth as possible for you.",High
BL,I don't know what to do to retrieve the PIN code of my user,Account,Recover Password,"Indeed! I understand that you're feeling uncertain about the steps to retrieve the PIN code for your user profile. Rest assured, I'm here to help guide you through the process.

To retrieve your PIN code, please follow these simple steps:

1. Log in to your user profile using your credentials.
2. Once you're logged in, navigate to the ""Profile Settings"" or ""Account Settings"" section.
3. Look for the option that says ""Change PIN"" or ""Reset PIN"" and click on it.
4. You may be asked to verify your identity through an email or SMS verification code. Follow the instructions provided to complete the verification process.
5. After successfully verifying your identity, you should be able to reset your PIN code. Set a new PIN code that you will easily remember but is unique and secure.

If you encounter any difficulties or have any further questions, don't hesitate to reach out to our customer support team. They are available {{Customer Support Hours}} at {{Customer Support Phone Number}} or through the live chat on our website at {{Website URL}}. We're here to assist you every step of the way!",High
BKLZ,changkng to {{Account Type}} account,Account,Switch Account,"Sure! I'm here to guide you through the process of switching to our exceptional Free account:

1. Login: First, sign in to your existing account.
2. Navigate: Once you're logged in, go to your account settings or profile section.
3. Switch Account Type: Look for an option labeled ""Switch Account Type"" or something similar.
4. Choose Free Account: Select the Free account option from the available choices.
5. Confirmation: Follow the on-screen instructions to confirm your switch.

If you come across any difficulties or have any further questions, please don't hesitate to reach out. I'm committed to ensuring a seamless transition for you. Enjoy the amazing features and benefits of our Free account!""",High
BIQ,can uhelp me take a quick look at my invoice #00108,Invoice,Check Invoice,"Of course, I'm here to assist you with taking a quick look at your invoice with the number #{{Invoice Number}}. Please allow me a moment to retrieve the details for you. Thank you for your patience.",Low
BL,I want to check your reimbursement policy,Refund,Check Refund Policy,"Assuredly! I understand that you're looking to check our reimbursement policy. Our priority is to ensure your satisfaction with our products or services, and we strive to provide a transparent and fair refund process. Here are the key points of our reimbursement policy:

1. **Product/Service Dissatisfaction:** If you are not satisfied with the product or service you have purchased, you may be eligible for a refund. We value your feedback and want to address any concerns you may have.

2. **Damaged or Defective Items:** If the product you receive is damaged or defective, please reach out to our customer support team. We will assist you in resolving the issue and may provide a refund or replacement, depending on the circumstances.

3. **Cancellation within the Grace Period:** If you change your mind about your purchase and decide to cancel within the specified grace period, you may be entitled to a refund. Please refer to the terms and conditions or contact our customer support team for further assistance.

4. **Unauthorized Charges:** If you notice any unauthorized charges on your account related to our products or services, please notify us immediately. We take such matters seriously and will work with you to investigate and rectify any unauthorized transactions.

5. **Non-Delivery of Goods:** If you have not received the purchased item within the estimated delivery timeframe, please contact our customer support team. We will look into the issue and may offer a refund if appropriate.

Please note that our reimbursement policy may have additional conditions and exceptions depending on the specific product or service. It is important to review the terms and conditions or contact our customer support team for detailed information regarding your specific situation.

If you have any further questions or need assistance with a specific order or refund request, please provide me with the necessary details, such as the order number or any relevant information. I'm here to help and ensure your complete satisfaction.",High
BILQ,is it possible to use the {{Account Type}} profile,Account,Switch Account,"For sure! I completely understand your eagerness to explore the benefits of our {{Account Type}} profile. Allow me to assist you in making this a reality:

1. Access Your Account: Start by logging into our platform using your credentials.
2. Navigate to Profile Settings: Within your account, look for the ""Profile"" or ""Account Settings"" section.
3. Upgrade Option: Once you're in the appropriate section, search for an option labeled ""Upgrade"" or ""Switch Account Type"".
4. Select ""{{Account Type}} Profile"": Choose the ""{{Account Type}} Profile"" option from the list of available account types.
5. Finalize the Upgrade: Follow the on-screen instructions to complete the upgrade process.

If you have any questions or encounter any issues along the way, please don't hesitate to reach out for further assistance. Your choice to upgrade to the {{Account Type}} profile is highly valued, and I'm here to ensure a seamless and enjoyable experience. Get ready to unlock a whole new level of benefits with our {{Account Type}} profile!",High
